#document_id:TheMusicalTimes__1875-388.txt_1115
#document_date:1875
#sent_text:Mr. Sims Reeves made a genuine hit in Arthur Sullivan’s song, “‘
Mr.	B-person	Q7521239	Mr.	PROPN
Sims	I-person	Q7521239	Sims	PROPN
Reeves	I-person	Q7521239	Reeves	PROPN
made	O	_	make	VERB
a	O	_	a	DET
genuine	O	_	genuine	ADJ
hit	O	_	hit	NOUN
in	O	_	in	ADP
Arthur	B-person	Q212692	Arthur	PROPN
Sullivan	I-person	Q212692	Sullivan	PROPN
’s	O	_	’s	PART
song	O	_	song	NOUN
,	O	_	,	PUNCT
“	O	_	"	PUNCT
‘	O	_	'	PUNCT
