#document_id:TheMusicalTimes__1875-388.txt_1203
#document_date:1875
#sent_text:the London Gregorian Choral Association held its annual Festival in St. Paul’s Cathedral.
the	O	_	the	DET
London	B-organization	NIL	London	PROPN
Gregorian	I-organization	NIL	Gregorian	PROPN
Choral	I-organization	NIL	Choral	PROPN
Association	I-organization	NIL	Association	PROPN
held	O	_	hold	VERB
its	O	_	its	PRON
annual	O	_	annual	ADJ
Festival	O	_	Festival	PROPN
in	O	_	in	ADP
St.	O	_	St.	PROPN
Paul	O	_	Paul	PROPN
’s	O	_	’s	PART
Cathedral	O	_	Cathedral	PROPN
.	O	_	.	PUNCT
