#document_id:TheMusicalTimes__1875-388.txt_2737
#document_date:1875
#sent_text:Baptiste Calkin, Boyton Smith, E. H. Thorne, W. G. Cusins, E. M. Delaborde, E. Silas, John Hullah, E. H. Turpin, Franz Nava, F. E. Gladstone, C. W. Lavington, J. E. Richardson, R. Forsey Brion, and J. Tilleard.
Baptiste	B-person	Q1449465	Baptiste	PROPN
Calkin	I-person	Q1449465	Calkin	PROPN
,	O	_	,	PUNCT
Boyton	B-person	Q110136517	Boyton	PROPN
Smith	I-person	Q110136517	Smith	PROPN
,	O	_	,	PUNCT
E.	B-person	Q5345615	E.	PROPN
H.	I-person	Q5345615	H.	PROPN
Thorne	I-person	Q5345615	Thorne	PROPN
,	O	_	,	PUNCT
W.	B-person	Q4208355	W.	PROPN
G.	I-person	Q4208355	G.	PROPN
Cusins	I-person	Q4208355	Cusins	PROPN
,	O	_	,	PUNCT
E.	O	_	E.	PROPN
M.	O	_	M.	PROPN
Delaborde	O	_	Delaborde	PROPN
,	O	_	,	PUNCT
E.	O	_	E.	PROPN
Silas	O	_	Silas	PROPN
,	O	_	,	PUNCT
John	B-person	Q6253603	John	PROPN
Hullah	I-person	Q6253603	Hullah	PROPN
,	O	_	,	PUNCT
E.	O	_	E.	PROPN
H.	O	_	H.	PROPN
Turpin	O	_	Turpin	PROPN
,	O	_	,	PUNCT
Franz	O	_	Franz	PROPN
Nava	O	_	Nava	PROPN
,	O	_	,	PUNCT
F.	B-person	Q5480836	F.	PROPN
E.	I-person	Q5480836	E.	PROPN
Gladstone	I-person	Q5480836	Gladstone	PROPN
,	O	_	,	PUNCT
C.	O	_	C.	PROPN
W.	O	_	W.	PROPN
Lavington	O	_	Lavington	PROPN
,	O	_	,	PUNCT
J.	B-person	NIL	J.	PROPN
E.	I-person	NIL	E.	PROPN
Richardson	I-person	NIL	Richardson	PROPN
,	O	_	,	PUNCT
R.	O	_	R.	PROPN
Forsey	O	_	Forsey	PROPN
Brion	O	_	Brion	PROPN
,	O	_	,	PUNCT
and	O	_	and	CCONJ
J.	B-person	NIL	J.	PROPN
Tilleard	I-person	NIL	Tilleard	PROPN
.	O	_	.	PUNCT
