#document_id:TheMusicalTimes__1873-366.txt_1437
#document_date:1873
#sent_text:Beethoven’s Symphonyin A, No.7, was carefully rendered, and Mr. G. A. Maclarren’s Overture
Beethoven	B-person	Q255	Beethoven	PROPN
’s	O	_	’s	PART
Symphonyin	O	_	Symphonyin	PROPN
A	O	_	A	PROPN
,	O	_	,	PUNCT
No.7	O	_	No.7	PROPN
,	O	_	,	PUNCT
was	O	_	be	AUX
carefully	O	_	carefully	ADV
rendered	O	_	render	VERB
,	O	_	,	PUNCT
and	O	_	and	CCONJ
Mr.	O	_	Mr.	PROPN
G.	O	_	G.	PROPN
A.	O	_	A.	PROPN
Maclarren	O	_	Maclarren	PROPN
’s	O	_	’s	PART
Overture	O	_	overture	NOUN
