#document_id:TheMusicalTimes__1873-366.txt_1406
#document_date:1873
#sent_text:Letters of Commenstion : Misses Louisa A. Turner, Jane Whitaker, Constance Sarper, Annie Bradley, Elizabeth L. Rothwell, Marion ‘Greon, Fanny Boxell.
Letters	O	_	letter	NOUN
of	O	_	of	ADP
Commenstion	O	_	Commenstion	PROPN
:	O	_	:	PUNCT
Misses	O	_	Misses	PROPN
Louisa	B-person	NIL	Louisa	PROPN
A.	I-person	NIL	A.	PROPN
Turner	I-person	NIL	Turner	PROPN
,	O	_	,	PUNCT
Jane	B-person	NIL	Jane	PROPN
Whitaker	I-person	NIL	Whitaker	PROPN
,	O	_	,	PUNCT
Constance	O	_	Constance	PROPN
Sarper	O	_	Sarper	PROPN
,	O	_	,	PUNCT
Annie	B-person	NIL	Annie	PROPN
Bradley	I-person	NIL	Bradley	PROPN
,	O	_	,	PUNCT
Elizabeth	B-person	NIL	Elizabeth	PROPN
L.	I-person	NIL	L.	PROPN
Rothwell	I-person	NIL	Rothwell	PROPN
,	O	_	,	PUNCT
Marion	B-person	NIL	Marion	PROPN
‘	I-person	NIL	'	PUNCT
Greon	I-person	NIL	Greon	PROPN
,	O	_	,	PUNCT
Fanny	B-person	NIL	Fanny	PROPN
Boxell	I-person	NIL	Boxell	PROPN
.	O	_	.	PUNCT
