#document_id:TheMusicalTimes__1873-366.txt_126
#document_date:1873
#sent_text:To be seen at A. Hunter; Organ Factory, 379, Kennington-road.
To	O	_	to	PART
be	O	_	be	AUX
seen	O	_	see	VERB
at	O	_	at	ADP
A	B-company	Q105564139	A	PROPN
.	I-company	Q105564139	.	PROPN
Hunter	I-company	Q105564139	Hunter	PROPN
;	O	_	;	PUNCT
Organ	O	_	Organ	PROPN
Factory	O	_	Factory	PROPN
,	O	_	,	PUNCT
379	O	_	379	NUM
,	O	_	,	PUNCT
Kennington	B-road	Q6390920	Kennington	PROPN
-	I-road	Q6390920	-	PUNCT
road	I-road	Q6390920	road	PROPN
.	O	_	.	PUNCT
