#document_id:TheMusicalTimes__1873-366.txt_355
#document_date:1873
#sent_text:BOOK.—A Manual of Tunes and Chants, intended as acompanion to all Hymn Books,
BOOK	O	_	book	NOUN
.	O	_	.	PUNCT
—	O	_	—	PUNCT
A	B-book	NIL	a	DET
Manual	I-book	NIL	Manual	PROPN
of	I-book	NIL	of	ADP
Tunes	I-book	NIL	Tunes	PROPN
and	I-book	NIL	and	CCONJ
Chants	I-book	NIL	Chants	PROPN
,	I-book	NIL	,	PUNCT
intended	I-book	NIL	intend	VERB
as	I-book	NIL	as	ADP
acompanion	I-book	NIL	acompanion	NOUN
to	I-book	NIL	to	ADP
all	I-book	NIL	all	DET
Hymn	I-book	NIL	Hymn	PROPN
Books	I-book	NIL	Books	PROPN
,	O	_	,	PUNCT
