#document_id:TheMusicalTimes__1873-366.txt_1358
#document_date:1873
#sent_text:Sir J. Goss, Julius Benedict, Mr. J. L. Hatton.
Sir	B-person	Q345870	Sir	PROPN
J	I-person	Q345870	J	PROPN
.	I-person	Q345870	.	PROPN
Goss	I-person	Q345870	Goss	PROPN
,	O	_	,	PUNCT
Julius	B-person	Q510435	Julius	PROPN
Benedict	I-person	Q510435	Benedict	PROPN
,	O	_	,	PUNCT
Mr.	O	_	Mr.	PROPN
J	B-person	Q6244929	J	PROPN
.	I-person	Q6244929	.	PROPN
L	I-person	Q6244929	L	PROPN
.	I-person	Q6244929	.	PROPN
Hatton	I-person	Q6244929	Hatton	PROPN
.	O	_	.	PUNCT
