#document_id:TheMusicalWorld__1843-029.txt_560
#document_date:1843
#sent_text:Topheavy, Mrs. H. P. Grattan; Fanny Mavlove, Miss Emma_ Stanley: Downy, Miss Noel.
Topheavy	B-person	NIL	Topheavy	PROPN
,	O	_	,	PUNCT
Mrs.	B-person	Q52154735	Mrs.	PROPN
H	I-person	Q52154735	H	PROPN
.	I-person	Q52154735	.	PROPN
P	I-person	Q52154735	P	PROPN
.	I-person	Q52154735	.	PROPN
Grattan	I-person	Q52154735	Grattan	PROPN
;	O	_	;	PUNCT
Fanny	B-person	NIL	Fanny	PROPN
Mavlove	I-person	NIL	Mavlove	PROPN
,	O	_	,	PUNCT
Miss	B-person	Q75252307	Miss	PROPN
Emma	I-person	Q75252307	Emma	PROPN
_	I-person	Q75252307	_	PUNCT
Stanley	I-person	Q75252307	Stanley	PROPN
:	O	_	:	PUNCT
Downy	B-person	NIL	downy	ADJ
,	O	_	,	PUNCT
Miss	B-person	NIL	Miss	PROPN
Noel	I-person	NIL	Noel	PROPN
.	O	_	.	PUNCT
