#document_id:TheMusicalWorld__1843-036.txt_919
#document_date:1843
#sent_text:,) Classical Jractice, Selected from the most Celebrated Composers, Nos. 1 to 8 Edited by W.S. Bennett.
,	O	_	,	PUNCT
)	O	_	)	PUNCT
Classical	B-publication	NIL	classical	ADJ
Jractice	I-publication	NIL	jractice	NOUN
,	I-publication	NIL	,	PUNCT
Selected	I-publication	NIL	select	VERB
from	I-publication	NIL	from	ADP
the	I-publication	NIL	the	DET
most	I-publication	NIL	most	ADV
Celebrated	I-publication	NIL	celebrate	VERB
Composers	I-publication	NIL	composer	NOUN
,	I-publication	NIL	,	PUNCT
Nos	I-publication	NIL	nos	NOUN
.	I-publication	NIL	.	NOUN
1	I-publication	NIL	1	NUM
to	I-publication	NIL	to	ADP
8	I-publication	NIL	8	NUM
Edited	O	_	edit	VERB
by	O	_	by	ADP
W	B-person	Q201164	W	PROPN
.	I-person	Q201164	.	PROPN
S	I-person	Q201164	S	PROPN
.	I-person	Q201164	.	PROPN
Bennett	I-person	Q201164	Bennett	PROPN
.	I-person	Q201164	.	PUNCT
