#document_id:DwightSJournalOfMusic__1870-021.txt_1268
#document_date:1870
#sent_text:The largest audience yet seen filled the Music Hall,—an audience remarkable for culture, taste, and weight of character,—but this time.
The	O	_	the	DET
largest	O	_	large	ADJ
audience	O	_	audience	NOUN
yet	O	_	yet	ADV
seen	O	_	see	VERB
filled	O	_	fill	VERB
the	O	_	the	DET
Music	B-building	Q14715412	Music	PROPN
Hall	I-building	Q14715412	Hall	PROPN
,	O	_	,	PUNCT
—	O	_	—	PUNCT
an	O	_	an	DET
audience	O	_	audience	NOUN
remarkable	O	_	remarkable	ADJ
for	O	_	for	ADP
culture	O	_	culture	NOUN
,	O	_	,	PUNCT
taste	O	_	taste	NOUN
,	O	_	,	PUNCT
and	O	_	and	CCONJ
weight	O	_	weight	NOUN
of	O	_	of	ADP
character	O	_	character	NOUN
,	O	_	,	PUNCT
—	O	_	—	PUNCT
but	O	_	but	CCONJ
this	O	_	this	DET
time	O	_	time	NOUN
.	O	_	.	PUNCT
