#document_id:TheMusicalTimes__1876-402.txt_22
#document_date:1876
#sent_text:For further particulars apply to Mr. H. Keeton, “Registered for transmission abroad.
For	O	_	for	ADP
further	O	_	further	ADJ
particulars	O	_	particular	NOUN
apply	O	_	apply	VERB
to	O	_	to	ADP
Mr.	B-person	Q1438256	Mr.	PROPN
H	I-person	Q1438256	H	PROPN
.	I-person	Q1438256	.	PROPN
Keeton	I-person	Q1438256	Keeton	PROPN
,	O	_	,	PUNCT
“	O	_	"	PUNCT
Registered	O	_	register	VERB
for	O	_	for	ADP
transmission	O	_	transmission	NOUN
abroad	O	_	abroad	ADV
.	O	_	.	PUNCT
