#document_id:TheMusicalTimes__1876-397.txt_3456
#document_date:1876
#sent_text:‘ Happy Little Maiden” and “The Cottage on the Moorland.
‘	O	_	'	PUNCT
Happy	B-work-of-art	NIL	Happy	PROPN
Little	I-work-of-art	NIL	Little	PROPN
Maiden	I-work-of-art	NIL	Maiden	PROPN
”	O	_	"	PUNCT
and	O	_	and	CCONJ
“	O	_	"	PUNCT
The	B-work-of-art	NIL	the	DET
Cottage	I-work-of-art	NIL	Cottage	PROPN
on	I-work-of-art	NIL	on	ADP
the	I-work-of-art	NIL	the	DET
Moorland	I-work-of-art	NIL	Moorland	PROPN
.	O	_	.	PUNCT
