#document_id:TheMusicalTimes__1873-366.txt_2415
#document_date:1873
#sent_text:London: Novello, Ewer and Co., 1, Berners-street, W. PREV.
London	B-city	Q84	London	PROPN
:	O	_	:	PUNCT
Novello	B-company	Q15919379	Novello	PROPN
,	I-company	Q15919379	,	PUNCT
Ewer	I-company	Q15919379	Ewer	PROPN
and	I-company	Q15919379	and	CCONJ
Co.	I-company	Q15919379	Co.	PROPN
,	O	_	,	PUNCT
1	O	_	1	NUM
,	O	_	,	PUNCT
Berners	B-road	Q14997139	Berners	PROPN
-	I-road	Q14997139	-	PUNCT
street	I-road	Q14997139	street	PROPN
,	O	_	,	PUNCT
W.	O	_	W.	PROPN
PREV	O	_	PREV	PROPN
.	O	_	.	PUNCT
