#document_id:TheMusicalTimes__1876-402.txt_2202
#document_date:1876
#sent_text:Osborne Williams, Messrs. Wilford Morgan, Stedman, and J. L. Wadmore.
Osborne	B-person	NIL	Osborne	PROPN
Williams	I-person	NIL	Williams	PROPN
,	O	_	,	PUNCT
Messrs.	B-person	NIL	Messrs.	PROPN
Wilford	I-person	NIL	Wilford	PROPN
Morgan	I-person	NIL	Morgan	PROPN
,	O	_	,	PUNCT
Stedman	B-person	NIL	Stedman	PROPN
,	O	_	,	PUNCT
and	O	_	and	CCONJ
J.	B-person	NIL	J.	PROPN
L.	I-person	NIL	L.	PROPN
Wadmore	I-person	NIL	Wadmore	PROPN
.	O	_	.	PUNCT
