#document_id:TheMusicalTimes__1876-397.txt_192
#document_date:1876
#sent_text:Engagements to be addressed St. Mark's Villa, Newnham Croft, Cambridge.
Engagements	O	_	engagement	NOUN
to	O	_	to	PART
be	O	_	be	AUX
addressed	O	_	address	VERB
St.	B-building	NIL	St.	PROPN
Mark	I-building	NIL	Mark	PROPN
's	I-building	NIL	's	PART
Villa	I-building	NIL	Villa	PROPN
,	O	_	,	PUNCT
Newnham	B-city-district	NIL	Newnham	PROPN
Croft	I-city-district	NIL	Croft	PROPN
,	O	_	,	PUNCT
Cambridge	B-city	Q350	Cambridge	PROPN
.	O	_	.	PUNCT
