#document_id:TheMusicalWorld__1843-029.txt_267
#document_date:1843
#sent_text:Introduction, Air, and Variations, for the Violin” —Davip N. Fisuer, Op.
Introduction	B-publication	NIL	introduction	NOUN
,	I-publication	NIL	,	PUNCT
Air	I-publication	NIL	air	NOUN
,	I-publication	NIL	,	PUNCT
and	I-publication	NIL	and	CCONJ
Variations	I-publication	NIL	variation	NOUN
,	I-publication	NIL	,	PUNCT
for	I-publication	NIL	for	ADP
the	I-publication	NIL	the	DET
Violin	I-publication	NIL	violin	NOUN
”	O	_	"	PUNCT
—	O	_	—	PUNCT
Davip	B-person	NIL	Davip	PROPN
N.	I-person	NIL	N.	PROPN
Fisuer	I-person	NIL	Fisuer	PROPN
,	O	_	,	PUNCT
Op	O	_	Op	PROPN
.	O	_	.	PUNCT
