#document_id:TheMusicalTimes__1876-402.txt_2241
#document_date:1876
#sent_text:The programme consisted of Mozart's String Quintett in C major; Haydn's Variations on the Austrian Hymn; Regondi’s us.
The	O	_
programme	O	_
consisted	O	_
of	O	_
Mozart	B-person	Q254
's	O	_
String	B-music	Q3133298
Quintett	I-music	Q3133298
in	O	_
C	O	_
major	O	_
;	O	_
Haydn	B-person	Q7349
's	O	_
Variations	O	_
on	O	_
the	O	_
Austrian	B-music	Q30562
Hymn	I-music	Q30562
;	O	_
Regondi	B-person	Q981612
’s	O	_
us	O	_
.	O	_
