#document_id:TheMusicalTimes__1875-388.txt_550
#document_date:1875
#sent_text:Stanley Lucas, Weber and Co., 8&4, New Bond-street; Novello, Ewer and Co., 1, Bernera-street, W.
Stanley	B-company	NIL
Lucas	I-company	NIL
,	I-company	NIL
Weber	I-company	NIL
and	I-company	NIL
Co.	I-company	Q15919379
,	I-company	NIL
8&4	O	_
,	I-company	NIL
New	B-road	Q892187
Bond	I-road	Q892187
-	I-road	Q892187
street	I-road	Q892187
;	O	_
Novello	B-company	Q15919379
,	I-company	NIL
Ewer	I-company	Q15919379
and	I-company	NIL
Co.	I-company	Q15919379
,	I-company	NIL
1	O	_
,	I-company	NIL
Bernera	B-road	Q14997139
-	I-road	Q892187
street	I-road	Q892187
,	I-company	NIL
W.	O	_
