#document_id:TheMusicalTimes__1875-388.txt_1138
#document_date:1875
#sent_text:THE performance of this work at the Royal Albert Hall, under the direction of the composer, has been one of the great events of the musical season.
THE	O	_
performance	O	_
of	O	_
this	O	_
work	O	_
at	O	_
the	O	_
Royal	B-building	Q193639
Albert	I-building	Q193639
Hall	I-building	Q193639
,	O	_
under	O	_
the	O	_
direction	O	_
of	O	_
the	O	_
composer	O	_
,	O	_
has	O	_
been	O	_
one	O	_
of	O	_
the	O	_
great	O	_
events	O	_
of	O	_
the	O	_
musical	O	_
season	O	_
.	O	_
