#document_id:TheMusicalTimes__1875-388.txt_2013
#document_date:1875
#sent_text:St. Patrick’s: Cathedral, built and erected by Messrs. Telford and Telford, of Dublin, at a cost of about £1,400, was opened with every accompaniment of solemnity and splendour employed by the church to dignify and com memorate such occasions.
St.	B-building	Q846365
Patrick	I-building	Q846365
’s	I-building	Q846365
:	I-building	Q846365
Cathedral	I-building	Q846365
,	O	_
built	O	_
and	O	_
erected	O	_
by	O	_
Messrs.	B-person	NIL
Telford	I-person	NIL
and	O	_
Telford	I-person	NIL
,	O	_
of	O	_
Dublin	B-city	Q1761
,	O	_
at	O	_
a	O	_
cost	O	_
of	O	_
about	O	_
£	O	_
1,400	O	_
,	O	_
was	O	_
opened	O	_
with	O	_
every	O	_
accompaniment	O	_
of	O	_
solemnity	O	_
and	O	_
splendour	O	_
employed	O	_
by	O	_
the	O	_
church	O	_
to	O	_
dignify	O	_
and	O	_
com	O	_
memorate	O	_
such	O	_
occasions	O	_
.	O	_
