#document_id:TheMusicalTimes__1876-397.txt_805
#document_date:1876
#sent_text:; Apply at St. Mary-at-Hiil Church, Eastcheap, City, on Thursday evenings, at6.30.
;	O	_
Apply	O	_
at	I-worship-place	Q7594548
St.	B-worship-place	Q7594548
Mary	I-worship-place	Q7594548
-	I-worship-place	Q7594548
at	I-worship-place	Q7594548
-	I-worship-place	Q7594548
Hiil	I-worship-place	Q7594548
Church	I-worship-place	Q7594548
,	O	_
Eastcheap	B-road	Q1790942
,	O	_
City	B-city	Q84
,	O	_
on	O	_
Thursday	O	_
evenings	O	_
,	O	_
at6.30	O	_
.	O	_
