#document_id:TheMusicalTimes__1876-397.txt_1317
#document_date:1876
#sent_text:He matriculated at St. Katherine’s Hall, Cambridge, in October, 1843, and obtained a scholarship in the College very shortly afterwards.
He	O	_
matriculated	O	_
at	O	_
St.	B-university	Q256754
Katherine	I-university	Q256754
’s	I-university	Q256754
Hall	I-university	Q256754
,	O	_
Cambridge	B-city	Q350
,	O	_
in	O	_
October	O	_
,	O	_
1843	O	_
,	O	_
and	O	_
obtained	O	_
a	O	_
scholarship	O	_
in	O	_
the	O	_
College	O	_
very	O	_
shortly	O	_
afterwards	O	_
.	O	_
