#document_id:TheMusicalTimes__1876-397.txt_1394
#document_date:1876
#sent_text:Miss Minnie Curtis was highly successful in the songs and other music allotted to her, and Miss Adeline Payel and Miss Kate Wild rendered great assistance, and were deservedly applauded.
Miss	B-person	NIL
Minnie	I-person	NIL
Curtis	I-person	NIL
was	O	_
highly	O	_
successful	O	_
in	O	_
the	O	_
songs	O	_
and	O	_
other	O	_
music	O	_
allotted	O	_
to	O	_
her	O	_
,	O	_
and	O	_
Miss	B-person	NIL
Adeline	O	_
Payel	O	_
and	O	_
Miss	B-person	NIL
Kate	I-person	NIL
Wild	I-person	NIL
rendered	O	_
great	O	_
assistance	O	_
,	O	_
and	O	_
were	O	_
deservedly	O	_
applauded	O	_
.	O	_
