#document_id:TheMusicalTimes__1876-397.txt_2270
#document_date:1876
#sent_text:The musical arrangements were under the direction of the organist and choirmaster of the parish church, Mr. J. V, Roberts, Mus, Bac.
The	O	_
musical	O	_
arrangements	O	_
were	O	_
under	O	_
the	O	_
direction	O	_
of	O	_
the	O	_
organist	O	_
and	O	_
choirmaster	O	_
of	O	_
the	O	_
parish	O	_
church	O	_
,	I-person	Q56183619
Mr.	B-person	Q56183619
J.	I-person	Q56183619
V	I-person	Q56183619
,	I-person	Q56183619
Roberts	I-person	Q56183619
,	I-person	Q56183619
Mus	O	_
,	I-person	Q56183619
Bac	O	_
.	O	_
