#document_id:TheMusicalTimes__1876-397.txt_2327
#document_date:1876
#sent_text:T he programme was divided into two parts, the first being exclusively devoted to sacred music, the main feature of which was a selection from Mendelssohn’s Elijah.
T	O	_
he	O	_
programme	O	_
was	O	_
divided	O	_
into	O	_
two	O	_
parts	O	_
,	O	_
the	O	_
first	O	_
being	O	_
exclusively	O	_
devoted	O	_
to	O	_
sacred	O	_
music	O	_
,	O	_
the	O	_
main	O	_
feature	O	_
of	O	_
which	O	_
was	O	_
a	O	_
selection	O	_
from	O	_
Mendelssohn	B-person	Q46096
’s	O	_
Elijah	B-music	Q1329006
.	O	_
