#document_id:TheMusicalTimes__1873-366.txt_1138
#document_date:1873
#sent_text:But te this day, Mendelssohn yet speaks—speaks by that beautiful life of which, thanks to volumes like the one here noticed, we are permitted to know so much.
But	O	_
te	O	_
this	O	_
day	O	_
,	O	_
Mendelssohn	B-person	Q46096
yet	O	_
speaks	O	_
—	O	_
speaks	O	_
by	O	_
that	O	_
beautiful	O	_
life	O	_
of	O	_
which	O	_
,	O	_
thanks	O	_
to	O	_
volumes	O	_
like	O	_
the	O	_
one	O	_
here	O	_
noticed	O	_
,	O	_
we	O	_
are	O	_
permitted	O	_
to	O	_
know	O	_
so	O	_
much	O	_
.	O	_
