#document_id:TheMusicalTimes__1873-366.txt_2624
#document_date:1873
#sent_text:Free for stamps from the Editor (bound, 36 stamps, edited by WitL1AM Ripcey, Organist of the Parish Church, paper, 24 stamps), West Derby, Liverpool.
Free	O	_
for	O	_
stamps	O	_
from	O	_
the	O	_
Editor	O	_
(	O	_
bound	O	_
,	O	_
36	O	_
stamps	O	_
,	O	_
edited	O	_
by	O	_
WitL1AM	O	_
Ripcey	O	_
,	O	_
Organist	O	_
of	O	_
the	O	_
Parish	B-organization	NIL
Church	I-organization	NIL
,	O	_
paper	O	_
,	O	_
24	O	_
stamps	O	_
)	O	_
,	O	_
West	B-city-district	Q7984951
Derby	I-city-district	Q7984951
,	O	_
Liverpool	B-city	Q24826
.	O	_
