#document_id:TheMusicalWorld__1843-038.txt_205
#document_date:1843
#sent_text:great degree to the stiff and scholastic epoch in which he lived, Rameau will always be placed in the first rank of French composers, because he was the most inventive.
great	O	_
degree	O	_
to	O	_
the	O	_
stiff	O	_
and	O	_
scholastic	O	_
epoch	O	_
in	O	_
which	O	_
he	O	_
lived	O	_
,	O	_
Rameau	B-person	Q1145
will	O	_
always	O	_
be	O	_
placed	O	_
in	O	_
the	O	_
first	O	_
rank	O	_
of	O	_
French	O	_
composers	O	_
,	O	_
because	O	_
he	O	_
was	O	_
the	O	_
most	O	_
inventive	O	_
.	O	_
