#document_id:TheMusicalWorld__1843-038.txt_219
#document_date:1843
#sent_text:Such melancholy ruminations ever haunt us during the performance of any one of those exquisite outpourings of a young heart, “ The Temperaments,” (or as better known abroad
Such	O	_
melancholy	O	_
ruminations	O	_
ever	O	_
haunt	O	_
us	O	_
during	O	_
the	O	_
performance	O	_
of	O	_
any	O	_
one	O	_
of	O	_
those	O	_
exquisite	O	_
outpourings	O	_
of	O	_
a	O	_
young	O	_
heart	O	_
,	O	_
“	O	_
The	B-work-of-art	NIL
Temperaments	I-work-of-art	NIL
,	O	_
”	O	_
(	O	_
or	O	_
as	O	_
better	O	_
known	O	_
abroad	O	_
