#document_id:TheMusicalWorld__1843-038.txt_834
#document_date:1843
#sent_text:Published at Charles Nichoison’s Flute Manufactory, (by Prowse), 13, Haoway-street, where is also Published the Choruses in the Messiah as Duets.
Published	O	_
at	O	_
Charles	B-company	NIL
Nichoison	I-company	NIL
’s	I-company	NIL
Flute	I-company	NIL
Manufactory	I-company	NIL
,	O	_
(	O	_
by	O	_
Prowse	O	_
)	O	_
,	O	_
13	O	_
,	O	_
Haoway	B-road	NIL
-	I-road	NIL
street	I-road	NIL
,	O	_
where	O	_
is	O	_
also	O	_
Published	O	_
the	I-book	NIL
Choruses	B-book	NIL
in	I-book	NIL
the	I-book	NIL
Messiah	I-book	NIL
as	I-book	NIL
Duets	I-book	NIL
.	O	_
