#document_id:TheMusicalWorld__1844-006.txt_352
#document_date:1844
#sent_text:The vocalists were Miss Leach, Miss A. Graham, Mrs. Winterbottom, Mrs. Yarndley, Miss Hellawell, and Master George Frederick Graham:
The	O	_
vocalists	O	_
were	O	_
Miss	B-person	NIL
Leach	I-person	NIL
,	O	_
Miss	B-person	NIL
A.	I-person	NIL
Graham	I-person	NIL
,	O	_
Mrs.	B-person	NIL
Winterbottom	I-person	NIL
,	O	_
Mrs.	B-person	NIL
Yarndley	I-person	NIL
,	O	_
Miss	B-person	NIL
Hellawell	I-person	NIL
,	O	_
and	O	_
Master	B-person	NIL
George	I-person	NIL
Frederick	I-person	NIL
Graham	I-person	NIL
:	O	_
