#document_id:TheMusicalWorld__1844-006.txt_1057
#document_date:1844
#sent_text:It will be forwarded, on receipt of a Post-Office order, by the Publisher, 10, Wellington-street, Strand; Mr. Joseph Thomas, 1, Finch-line, Cornhill; M. W. Seguin, 45, Duke-street, St. James’-square, or any Bookseller or News Agent in the United Kingdom.
It	O	_
will	O	_
be	O	_
forwarded	O	_
,	O	_
on	O	_
receipt	O	_
of	O	_
a	O	_
Post	O	_
-	I-road	Q67187269
Office	O	_
order	O	_
,	O	_
by	O	_
the	O	_
Publisher	O	_
,	O	_
10	O	_
,	O	_
Wellington	B-road	Q67187269
-	I-road	Q67187269
street	I-road	Q67187269
,	O	_
Strand	B-road	Q756819
;	O	_
Mr.	O	_
Joseph	B-person	NIL
Thomas	I-person	NIL
,	O	_
1	O	_
,	O	_
Finch	B-road	NIL
-	I-road	Q67187269
line	I-road	NIL
,	O	_
Cornhill	B-city-district	Q1782039
;	O	_
M.	B-person	NIL
W.	I-person	NIL
Seguin	I-person	NIL
,	O	_
45	O	_
,	O	_
Duke	B-road	Q19461422
-	I-road	Q67187269
street	I-road	Q67187269
,	O	_
St.	B-square	Q500529
James’-square	I-square	Q500529
,	O	_
or	O	_
any	O	_
Bookseller	O	_
or	O	_
News	O	_
Agent	O	_
in	O	_
the	O	_
United	B-country	Q145
Kingdom	I-country	Q145
.	O	_
