#document_id:TheQuarterlyMusicalMagazineAndReview__1825-025.txt_217
#document_date:1825
#sent_text:“of the Rise and Progress of Musical Eestivals in Great Britain, with Biographical and Historical Notes; by John Crosse,
“	O	_
of	I-publication	NIL
the	I-publication	NIL
Rise	I-publication	NIL
and	I-publication	NIL
Progress	I-publication	NIL
of	I-publication	NIL
Musical	I-publication	NIL
Eestivals	I-publication	NIL
in	I-publication	NIL
Great	I-publication	NIL
Britain	I-publication	NIL
,	I-publication	NIL
with	I-publication	NIL
Biographical	I-publication	NIL
and	I-publication	NIL
Historical	I-publication	NIL
Notes	I-publication	NIL
;	O	_
by	O	_
John	B-person	Q15994384
Crosse	I-person	Q15994384
,	I-publication	NIL
