#document_id:TheQuarterlyMusicalMagazineAndReview__1825-025.txt_1370
#document_date:1825
#sent_text:The operas which gained him the greatest credit, for taste and elegance of style, were “ Il favore degli dei,” “La Gloria degli amori,” “ Eraelea.
The	O	_
operas	O	_
which	O	_
gained	O	_
him	O	_
the	O	_
greatest	O	_
credit	O	_
,	O	_
for	O	_
taste	O	_
and	O	_
elegance	O	_
of	O	_
style	O	_
,	O	_
were	O	_
“	O	_
Il	B-opera	NIL
favore	I-opera	NIL
degli	I-opera	NIL
dei	I-opera	NIL
,	O	_
”	O	_
“	O	_
La	B-opera	NIL
Gloria	I-opera	NIL
degli	I-opera	NIL
amori	I-opera	NIL
,	O	_
”	O	_
“	O	_
Eraelea	B-opera	NIL
.	O	_
