#document_id:TheQuarterlyMusicalMagazineAndReview__1825-025.txt_1463
#document_date:1825
#sent_text:Andrea Lucchesi afterwards received further instructions from Saratelli, the predecessor of Galuppi;, as Chapel Master of St. Mark at Venice.
Andrea	B-person	Q299510
Lucchesi	I-person	Q299510
afterwards	O	_
received	O	_
further	O	_
instructions	O	_
from	O	_
Saratelli	B-person	Q1522112
,	O	_
the	O	_
predecessor	O	_
of	O	_
Galuppi	B-person	Q208338
;	O	_
,	O	_
as	O	_
Chapel	O	_
Master	O	_
of	O	_
St.	B-worship-place	Q172988
Mark	I-worship-place	Q172988
at	O	_
Venice	B-city	Q641
.	O	_
