#document_id:TheQuarterlyMusicalMagazineAndReview__1825-025.txt_1424
#document_date:1825
#sent_text:* Amore in Musica,” 1763 ; “ Achille in Sciro,” 1764; “ L’Ingannatore ingannato,” 1764; “ J Olympiade,” 1765;
*	O	_
Amore	B-work-of-art	NIL
in	I-work-of-art	NIL
Musica	I-work-of-art	NIL
,	O	_
”	O	_
1763	O	_
;	O	_
“	O	_
Achille	B-work-of-art	NIL
in	I-work-of-art	NIL
Sciro	I-work-of-art	NIL
,	O	_
”	O	_
1764	O	_
;	O	_
“	O	_
L’Ingannatore	B-work-of-art	NIL
ingannato	I-work-of-art	NIL
,	O	_
”	O	_
1764	O	_
;	O	_
“	O	_
J	B-work-of-art	NIL
Olympiade	I-work-of-art	NIL
,	O	_
”	O	_
1765	O	_
;	O	_
