#document_id:TheQuarterlyMusicalMagazineAndReview__1825-025.txt_1896
#document_date:1825
#sent_text:In 1760 Jesuits’ sent him to Paris, and Jesuits’ there took lessons of Capron, and at the same time studied composition under Gossec.
In	O	_
1760	O	_
Jesuits	B-religious-group	Q36380
’	O	_
sent	O	_
him	O	_
to	O	_
Paris	B-city	Q90
,	O	_
and	O	_
Jesuits	B-religious-group	Q36380
’	O	_
there	O	_
took	O	_
lessons	O	_
of	O	_
Capron	B-person	Q120697
,	O	_
and	O	_
at	O	_
the	O	_
same	O	_
time	O	_
studied	O	_
composition	O	_
under	O	_
Gossec	B-person	Q313667
.	O	_
