#document_id:TheQuarterlyMusicalMagazineAndReview__1825-025.txt_1912
#document_date:1825
#sent_text:Charles Phillippe Lafont, a very distinguished violinist, began to learn the violin with his mother, who was the sister of Berthaume, when yet very young.
Charles	B-person	Q517502
Phillippe	I-person	Q517502
Lafont	I-person	Q517502
,	O	_
a	O	_
very	O	_
distinguished	O	_
violinist	O	_
,	O	_
began	O	_
to	O	_
learn	O	_
the	O	_
violin	O	_
with	O	_
his	O	_
mother	O	_
,	O	_
who	O	_
was	O	_
the	O	_
sister	O	_
of	O	_
Berthaume	O	_
,	O	_
when	O	_
yet	O	_
very	O	_
young	O	_
.	O	_
