#document_id:TheQuarterlyMusicalMagazineAndReview__1825-025.txt_2112
#document_date:1825
#sent_text:Luigi Rossi, Arcangelo Corelli,t with other great Italian compesers and imitators of Lulli at Paris, returned to their country with clearer and more distinct ideas of harmony.
Luigi	B-person	Q472714
Rossi	I-person	Q472714
,	O	_
Arcangelo	B-person	Q164475
Corelli	I-person	Q164475
,	O	_
t	O	_
with	O	_
other	O	_
great	O	_
Italian	O	_
compesers	O	_
and	O	_
imitators	O	_
of	O	_
Lulli	B-person	Q1192
at	O	_
Paris	B-city	Q90
,	O	_
returned	O	_
to	O	_
their	O	_
country	O	_
with	O	_
clearer	O	_
and	O	_
more	O	_
distinct	O	_
ideas	O	_
of	O	_
harmony	O	_
.	O	_
