#document_id:TheQuarterlyMusicalMagazineAndReview__1824-022.txt_396
#document_date:1824
#sent_text:but still I hope not to leave our dramatic writers at such an immeasurable distance as our dramatic writers are but too often considered to stand behind those of Italy.
but	O	_
still	O	_
I	O	_
hope	O	_
not	O	_
to	O	_
leave	O	_
our	O	_
dramatic	O	_
writers	O	_
at	O	_
such	O	_
an	O	_
immeasurable	O	_
distance	O	_
as	O	_
our	O	_
dramatic	O	_
writers	O	_
are	O	_
but	O	_
too	O	_
often	O	_
considered	O	_
to	O	_
stand	O	_
behind	O	_
those	O	_
of	O	_
Italy	B-country	Q38
.	O	_
