#document_id:TheQuarterlyMusicalMagazineAndReview__1824-022.txt_1559
#document_date:1824
#sent_text:Among the compositions of this master, his madrigals and motetts, of four and five parts, published at Venice in 1548, and his masses, at Rome in 1567, are the most celebrated. .
Among	O	_
the	O	_
compositions	O	_
of	O	_
this	O	_
master	O	_
,	O	_
his	O	_
madrigals	O	_
and	O	_
motetts	O	_
,	O	_
of	O	_
four	O	_
and	O	_
five	O	_
parts	O	_
,	O	_
published	O	_
at	O	_
Venice	B-city	Q641
in	O	_
1548	O	_
,	O	_
and	O	_
his	O	_
masses	O	_
,	O	_
at	O	_
Rome	B-city	Q220
in	O	_
1567	O	_
,	O	_
are	O	_
the	O	_
most	O	_
celebrated	O	_
.	O	_
.	O	_
