#document_id:TheQuarterlyMusicalMagazineAndReview__1824-022.txt_1561
#document_date:1824
#sent_text:Perluigi da Palestrina was born in the year 1529, at Palestrina, the Preeneste of the antients: Giovanni is stated by.
Perluigi	B-person	Q179277
da	I-person	Q179277
Palestrina	I-person	Q179277
was	O	_
born	O	_
in	O	_
the	O	_
year	O	_
1529	O	_
,	O	_
at	O	_
Palestrina	I-person	Q179277
,	O	_
the	O	_
Preeneste	B-city	Q243133
of	O	_
the	O	_
antients	O	_
:	O	_
Giovanni	B-person	Q179277
is	O	_
stated	O	_
by	O	_
.	O	_
