#document_id:TheQuarterlyMusicalMagazineAndReview__1824-022.txt_1692
#document_date:1824
#sent_text:Nevertheless, to be the rival of Carissimi the rival of Carissimi must have possessed considerable talent, both as a musician and a composer.
Nevertheless	O	_
,	O	_
to	O	_
be	O	_
the	O	_
rival	O	_
of	O	_
Carissimi	B-person	Q312686
the	O	_
rival	O	_
of	O	_
Carissimi	B-person	Q312686
must	O	_
have	O	_
possessed	O	_
considerable	O	_
talent	O	_
,	O	_
both	O	_
as	O	_
a	O	_
musician	O	_
and	O	_
a	O	_
composer	O	_
.	O	_
