#document_id:TheQuarterlyMusicalMagazineAndReview__1824-022.txt_2537
#document_date:1824
#sent_text:* Sento oh Dio” —Madame Ronzi de Begnis, Miss Stephens, Signor Garcia, Signor de Begnis, and Mr. oo Phillips
*	O	_
Sento	O	_
oh	O	_
Dio	O	_
”	O	_
—	O	_
Madame	O	_
Ronzi	O	_
de	I-person	Q3266332
Begnis	I-person	Q3266332
,	O	_
Miss	B-person	Q5052928
Stephens	I-person	Q5052928
,	O	_
Signor	B-person	Q3266332
Garcia	I-person	NIL
,	O	_
Signor	B-person	Q3266332
de	I-person	Q3266332
Begnis	I-person	Q3266332
,	O	_
and	O	_
Mr.	O	_
oo	O	_
Phillips	O	_
