#document_id:TheQuarterlyMusicalMagazineAndReview__1824-022.txt_3238
#document_date:1824
#sent_text:Thema, with an Introduction and Variations for the Piano Forte, by S. H..A. Marsh.
Thema	B-publication	NIL
,	I-publication	NIL
with	I-publication	NIL
an	I-publication	NIL
Introduction	I-publication	NIL
and	I-publication	NIL
Variations	I-publication	NIL
for	I-publication	NIL
the	I-publication	NIL
Piano	I-publication	NIL
Forte	I-publication	NIL
,	I-publication	NIL
by	O	_
S.	B-person	Q24240086
H	I-person	Q24240086
..	I-person	Q24240086
A.	I-person	Q24240086
Marsh	I-person	Q24240086
.	I-person	Q24240086
