#document_id:TheQuarterlyMusicalMagazineAndReview__1824-022.txt_3510
#document_date:1824
#sent_text:An easy Duet for two Performers on the Piano Forte, composed C. M. De Weber.
An	B-publication	NIL
easy	I-publication	NIL
Duet	I-publication	NIL
for	I-publication	NIL
two	I-publication	NIL
Performers	I-publication	NIL
on	I-publication	NIL
the	I-publication	NIL
Piano	I-publication	NIL
Forte	I-publication	NIL
,	O	_
composed	O	_
C.	B-person	Q154812
M.	I-person	Q154812
De	I-person	Q154812
Weber	I-person	Q154812
.	O	_
