#document_id:TheQuarterlyMusicalMagazineAndReview__1824-022.txt_3659
#document_date:1824
#sent_text:They are all tinctured with a certain degree of elegance and expressiveness, particularly these by Mr. Clifton, Mr. Crouch, Mr. Eavestaff, and Mr. Banister.
They	O	_
are	O	_
all	O	_
tinctured	O	_
with	O	_
a	O	_
certain	O	_
degree	O	_
of	O	_
elegance	O	_
and	O	_
expressiveness	O	_
,	O	_
particularly	O	_
these	O	_
by	O	_
Mr.	B-person	NIL
Clifton	I-person	Q6224338
,	O	_
Mr.	B-person	NIL
Crouch	I-person	Q5497599
,	O	_
Mr.	B-person	NIL
Eavestaff	I-person	NIL
,	O	_
and	O	_
Mr.	B-person	NIL
Banister	I-person	NIL
.	O	_
