#document_id:TheQuarterlyMusicalMagazineAndReview__1824-022.txt_3784
#document_date:1824
#sent_text:One of the bitterest compliments ever paid to judgment is contained in the well-known live, Who has taste in cuirasses, wigs, collars, and lace.
One	O	_
of	O	_
the	O	_
bitterest	O	_
compliments	O	_
ever	O	_
paid	O	_
to	O	_
judgment	O	_
is	O	_
contained	O	_
in	O	_
the	O	_
well	O	_
-	O	_
known	O	_
live	O	_
,	O	_
Who	O	_
has	O	_
taste	O	_
in	O	_
cuirasses	O	_
,	O	_
wigs	O	_
,	O	_
collars	O	_
,	O	_
and	O	_
lace	O	_
.	O	_
