#document_id:TheQuarterlyMusicalMagazineAndReview__1824-022.txt_3955
#document_date:1824
#sent_text:It would pe difficult to describe the mortification which I felt, on my next visit to the ‘“ English Opera House,” after a lapse of several “years.
It	O	_
would	O	_
pe	O	_
difficult	O	_
to	O	_
describe	O	_
the	O	_
mortification	O	_
which	O	_
I	O	_
felt	O	_
,	O	_
on	O	_
my	O	_
next	O	_
visit	O	_
to	O	_
the	O	_
‘	O	_
“	O	_
English	B-building	Q55018
Opera	I-building	Q55018
House	I-building	Q55018
,	O	_
”	O	_
after	O	_
a	O	_
lapse	O	_
of	O	_
several	O	_
“	O	_
years	O	_
.	O	_
