#document_id:TheQuarterlyMusicalMagazineAndReview__1828-037.txt_250
#document_date:1828
#sent_text:Quoniam tu sanctus solus,” from his last Mass for Eight Voices, arranged from the full score, by Vincent Novello, Re.
Quoniam	B-music	NIL
tu	O	_
sanctus	O	_
solus	O	_
,	O	_
”	O	_
from	O	_
his	O	_
last	O	_
Mass	B-music	Q723790
for	I-music	Q723790
Eight	I-music	Q723790
Voices	I-music	Q723790
,	O	_
arranged	O	_
from	O	_
the	O	_
full	O	_
score	O	_
,	O	_
by	O	_
Vincent	B-person	Q2526705
Novello	I-person	Q2526705
,	O	_
Re	O	_
.	O	_
