#document_id:TheQuarterlyMusicalMagazineAndReview__1828-037.txt_213
#document_date:1828
#sent_text:Reminiscences of England, a Grand Fantasia for the Piano Forte, by J. B. Cramer.
Reminiscences	B-publication	NIL
of	I-publication	NIL
England	I-publication	NIL
,	I-publication	NIL
a	I-publication	NIL
Grand	I-publication	NIL
Fantasia	I-publication	NIL
for	I-publication	NIL
the	I-publication	NIL
Piano	I-publication	NIL
Forte	I-publication	NIL
,	I-publication	NIL
by	O	_
J.	B-person	Q455212
B.	I-person	Q455212
Cramer	I-person	Q455212
.	O	_
