#document_id:TheQuarterlyMusicalMagazineAndReview__1828-037.txt_720
#document_date:1828
#sent_text:we are moved only by admiration of the talents of Madame Pasta or Mademoiselle Sontag, displayed in executing the innumerable flights, arpeggios, and cadenzas which are allotted to them.
we	O	_
are	O	_
moved	O	_
only	O	_
by	O	_
admiration	O	_
of	O	_
the	O	_
talents	O	_
of	O	_
Madame	B-person	Q240963
Pasta	I-person	Q240963
or	O	_
Mademoiselle	B-person	Q64098
Sontag	I-person	Q64098
,	O	_
displayed	O	_
in	O	_
executing	O	_
the	O	_
innumerable	O	_
flights	O	_
,	O	_
arpeggios	O	_
,	O	_
and	O	_
cadenzas	O	_
which	O	_
are	O	_
allotted	O	_
to	O	_
them	O	_
.	O	_
