#document_id:TheQuarterlyMusicalMagazineAndReview__1828-037.txt_948
#document_date:1828
#sent_text:The search: after these persons is redoubled, and a school for them has been established in the institution degli Orfanelli, which includes many.
The	O	_
search	O	_
:	O	_
after	O	_
these	O	_
persons	O	_
is	O	_
redoubled	O	_
,	O	_
and	O	_
a	O	_
school	O	_
for	O	_
them	O	_
has	O	_
been	O	_
established	O	_
in	O	_
the	O	_
institution	B-institution	NIL
degli	I-institution	NIL
Orfanelli	I-institution	NIL
,	O	_
which	O	_
includes	O	_
many	O	_
.	O	_
