#document_id:TheQuarterlyMusicalMagazineAndReview__1828-037.txt_1189
#document_date:1828
#sent_text:The church of Santa Maria Maggiore, the third in rank, had as chapel master the Maestro del Fante, who has now been dead some years.
The	O	_
church	O	_
of	O	_
Santa	B-worship-place	Q186282
Maria	I-worship-place	Q186282
Maggiore	I-worship-place	Q186282
,	O	_
the	O	_
third	O	_
in	O	_
rank	O	_
,	O	_
had	O	_
as	O	_
chapel	O	_
master	O	_
the	O	_
Maestro	B-person	Q18416097
del	I-person	Q18416097
Fante	I-person	Q18416097
,	O	_
who	O	_
has	O	_
now	O	_
been	O	_
dead	O	_
some	O	_
years	O	_
.	O	_
