#document_id:TheQuarterlyMusicalMagazineAndReview__1828-037.txt_1436
#document_date:1828
#sent_text:It is in this point of view that we ought to regard the revolution effected by Rossini in the music of Naples, as well as: its novel results.
It	O	_
is	O	_
in	O	_
this	O	_
point	O	_
of	O	_
view	O	_
that	O	_
we	O	_
ought	O	_
to	O	_
regard	O	_
the	O	_
revolution	O	_
effected	O	_
by	O	_
Rossini	B-person	Q9726
in	O	_
the	O	_
music	O	_
of	O	_
Naples	B-city	Q2634
,	O	_
as	O	_
well	O	_
as	O	_
:	O	_
its	O	_
novel	O	_
results	O	_
.	O	_
