#document_id:TheQuarterlyMusicalMagazineAndReview__1828-037.txt_2030
#document_date:1828
#sent_text:The padre illustrates these rules by lumi« nous examples of the alterations of old melodies, and a table containing Tutte le Intonazioni dei Salmi.
The	O	_
padre	O	_
illustrates	O	_
these	O	_
rules	O	_
by	O	_
lumi	O	_
«	O	_
nous	O	_
examples	O	_
of	O	_
the	O	_
alterations	O	_
of	O	_
old	O	_
melodies	O	_
,	O	_
and	O	_
a	O	_
table	O	_
containing	O	_
Tutte	O	_
le	O	_
Intonazioni	O	_
dei	O	_
Salmi	O	_
.	O	_
