#document_id:TheQuarterlyMusicalMagazineAndReview__1828-037.txt_2042
#document_date:1828
#sent_text:Here examples are given of the psalms of Marot and some of the earliest psalmists, whose compositions were even then considered as impudent innovations.
Here	O	_
examples	O	_
are	O	_
given	O	_
of	O	_
the	O	_
psalms	O	_
of	O	_
Marot	B-person	Q108926
and	O	_
some	O	_
of	O	_
the	O	_
earliest	O	_
psalmists	O	_
,	O	_
whose	O	_
compositions	O	_
were	O	_
even	O	_
then	O	_
considered	O	_
as	O	_
impudent	O	_
innovations	O	_
.	O	_
