#document_id:TheQuarterlyMusicalMagazineAndReview__1828-037.txt_2282
#document_date:1828
#sent_text:Mr. Bishop has tried variety in almost every manner and degree, from the enormous accumulation of nineteen principal singers to the more limited excellence of the later seasons.
Mr.	B-person	Q1200639
Bishop	I-person	Q1200639
has	O	_
tried	O	_
variety	O	_
in	O	_
almost	O	_
every	O	_
manner	O	_
and	O	_
degree	O	_
,	O	_
from	O	_
the	O	_
enormous	O	_
accumulation	O	_
of	O	_
nineteen	O	_
principal	O	_
singers	O	_
to	O	_
the	O	_
more	O	_
limited	O	_
excellence	O	_
of	O	_
the	O	_
later	O	_
seasons	O	_
.	O	_
