#document_id:TheQuarterlyMusicalMagazineAndReview__1828-037.txt_3707
#document_date:1828
#sent_text:Seven Years of the King’s Theatre, by J ohn Ebers, late Manager of the King’s Theatre in the Haymarket.
Seven	B-publication	NIL
Years	I-publication	NIL
of	I-publication	NIL
the	I-publication	NIL
King	I-theater	Q1155331
’s	I-theater	Q1155331
Theatre	I-theater	Q1155331
,	O	_
by	O	_
J	B-person	Q6231101
ohn	I-person	Q6231101
Ebers	I-person	Q6231101
,	O	_
late	O	_
Manager	O	_
of	I-publication	NIL
the	I-publication	NIL
King	I-theater	Q1155331
’s	I-theater	Q1155331
Theatre	I-theater	Q1155331
in	O	_
the	I-publication	NIL
Haymarket	B-road	Q893034
.	O	_
