#document_id:TheQuarterlyMusicalMagazineAndReview__1826-029.txt_397
#document_date:1826
#sent_text:Variations on a favourite Russian Air, by C. M. de Weber » Brilliant Polonaise for the Piano Forte, on the German Arietta, “
Variations	O	_
on	O	_
a	O	_
favourite	O	_
Russian	O	_
Air	O	_
,	O	_
by	O	_
C.	B-person	Q154812
M.	I-person	Q154812
de	I-person	Q154812
Weber	I-person	Q154812
»	O	_
Brilliant	B-music	NIL
Polonaise	I-music	NIL
for	O	_
the	O	_
Piano	O	_
Forte	O	_
,	O	_
on	O	_
the	O	_
German	O	_
Arietta	O	_
,	O	_
“	O	_
