#document_id:TheQuarterlyMusicalMagazineAndReview__1826-029.txt_521
#document_date:1826
#sent_text:My Heart is sair,” with Introduction and Variations for the Harp, by T. P. Chipp .
My	B-music	NIL
Heart	I-music	NIL
is	I-music	NIL
sair	I-music	NIL
,	I-music	NIL
”	I-music	NIL
with	I-music	NIL
Introduction	I-music	NIL
and	I-music	NIL
Variations	I-music	NIL
for	I-music	NIL
the	I-music	NIL
Harp	I-music	NIL
,	I-music	NIL
by	O	_
T.	B-person	Q18529003
P.	I-person	Q18529003
Chipp	I-person	Q18529003
.	O	_
