#document_id:TheQuarterlyMusicalMagazineAndReview__1826-029.txt_2534
#document_date:1826
#sent_text:to reach Missolonghi, where, after having collected more troops, he took upa position at Platea, and the memorable battle fought on that spot again testified his extraordinary skill, valour, and devotion.
to	O	_
reach	O	_
Missolonghi	B-city	Q642810
,	O	_
where	O	_
,	O	_
after	O	_
having	O	_
collected	O	_
more	O	_
troops	O	_
,	O	_
he	O	_
took	O	_
upa	O	_
position	O	_
at	O	_
Platea	O	_
,	O	_
and	O	_
the	O	_
memorable	O	_
battle	O	_
fought	O	_
on	O	_
that	O	_
spot	O	_
again	O	_
testified	O	_
his	O	_
extraordinary	O	_
skill	O	_
,	O	_
valour	O	_
,	O	_
and	O	_
devotion	O	_
.	O	_
