#document_id:TheQuarterlyMusicalMagazineAndReview__1826-029.txt_2544
#document_date:1826
#sent_text:The Greek Committee sitting in Paris have determined to educate the son of this distinguished Patriot and “Warrior i in France.
The	O	_
Greek	B-organization	Q2985590
Committee	I-organization	Q2985590
sitting	O	_
in	O	_
Paris	B-city	Q90
have	O	_
determined	O	_
to	O	_
educate	O	_
the	O	_
son	O	_
of	O	_
this	O	_
distinguished	O	_
Patriot	O	_
and	O	_
“	O	_
Warrior	O	_
i	O	_
in	O	_
France	B-country	Q142
.	O	_
