#document_id:TheQuarterlyMusicalMagazineAndReview__1826-029.txt_2807
#document_date:1826
#sent_text:This is one of the very few things that reconcile us to the belief of the possibility of introducing legitimate finales inte English operas with success.
This	O	_
is	O	_
one	O	_
of	O	_
the	O	_
very	O	_
few	O	_
things	O	_
that	O	_
reconcile	O	_
us	O	_
to	O	_
the	O	_
belief	O	_
of	O	_
the	O	_
possibility	O	_
of	O	_
introducing	O	_
legitimate	O	_
finales	O	_
inte	O	_
English	O	_
operas	O	_
with	O	_
success	O	_
.	O	_
