#document_id:TheQuarterlyMusicalMagazineAndReview__1826-029.txt_2820
#document_date:1826
#sent_text:This music opens with a chorus ( Glory to the ‘Caliph ) which commences in Bé minor, and changes afterwards very effectively into C major.
This	O	_
music	O	_
opens	O	_
with	O	_
a	O	_
chorus	O	_
(	O	_
Glory	B-music	Q690835
to	I-music	Q690835
the	I-music	Q690835
‘	O	_
Caliph	I-music	Q690835
)	O	_
which	O	_
commences	O	_
in	O	_
Bé	O	_
minor	O	_
,	O	_
and	O	_
changes	O	_
afterwards	O	_
very	O	_
effectively	O	_
into	O	_
C	O	_
major	O	_
.	O	_
