#document_id:TheHarmonicon__1833-005.txt_33
#document_date:1833
#sent_text:First appeared an Epithalamium, written at the request of the Countess of Althau, who likewise prevailed npon bim to write the drama Endymion.
First	O	_
appeared	O	_
an	O	_
Epithalamium	O	_
,	O	_
written	O	_
at	O	_
the	O	_
request	O	_
of	I-person	NIL
the	O	_
Countess	B-person	NIL
of	I-person	NIL
Althau	I-person	NIL
,	O	_
who	O	_
likewise	O	_
prevailed	O	_
npon	O	_
bim	O	_
to	O	_
write	O	_
the	O	_
drama	O	_
Endymion	B-work-of-art	NIL
.	O	_
