#document_id:TheHarmonicon__1833-005.txt_383
#document_date:1833
#sent_text:In short, we may say, that to hear such an opera as La Gazza Ladra performed by such singers as Rubini, Tamburini, Lablache, Graziani, Malibran, and Mariano, is the perfection of dramatic music.
In	O	_
short	O	_
,	O	_
we	O	_
may	O	_
say	O	_
,	O	_
that	O	_
to	O	_
hear	O	_
such	O	_
an	O	_
opera	O	_
as	O	_
La	B-work-of-art	Q472318
Gazza	I-work-of-art	Q472318
Ladra	I-work-of-art	Q472318
performed	O	_
by	O	_
such	O	_
singers	O	_
as	O	_
Rubini	B-person	Q941040
,	O	_
Tamburini	B-person	Q605376
,	O	_
Lablache	B-person	Q477681
,	O	_
Graziani	B-person	NIL
,	O	_
Malibran	B-person	Q232783
,	O	_
and	O	_
Mariano	B-person	NIL
,	O	_
is	O	_
the	O	_
perfection	O	_
of	O	_
dramatic	O	_
music	O	_
.	O	_
