#document_id:TheHarmonicon__1833-005.txt_1753
#document_date:1833
#sent_text:Some very interesting concerts have lately been given here, at which M. W. P. de C. Vrugt, from Amsterdam, and M. Lafont, particularly distinguished themselves.
Some	O	_
very	O	_
interesting	O	_
concerts	O	_
have	O	_
lately	O	_
been	O	_
given	O	_
here	O	_
,	I-person	NIL
at	O	_
which	O	_
M.	B-person 	NIL
W.	I-person	NIL
P.	I-person	NIL
de	I-person	NIL
C.	I-person	NIL
Vrugt	I-person	NIL
,	I-person	NIL
from	O	_
Amsterdam	B-city	Q727
,	I-person	NIL
and	O	_
M.	B-person 	NIL
Lafont	I-person 	NIL
,	I-person	NIL
particularly	O	_
distinguished	O	_
themselves	O	_
.	O	_
