#document_id:TheHarmonicon__1833-005.txt_1930
#document_date:1833
#sent_text:This charming melody has very recently been published in a collection (see Harmonicon for March last, page 60,) as a ‘ Bohemian air,’ and marked allegretto !
This	O	_
charming	O	_
melody	O	_
has	O	_
very	O	_
recently	O	_
been	O	_
published	O	_
in	O	_
a	O	_
collection	O	_
(	O	_
see	O	_
Harmonicon	B-publication	Q7738918
for	O	_
March	O	_
last	O	_
,	O	_
page	O	_
60	O	_
,	O	_
)	O	_
as	O	_
a	O	_
‘	O	_
Bohemian	O	_
air	O	_
,	O	_
’	O	_
and	O	_
marked	O	_
allegretto	O	_
!	O	_
