#document_id:TheHarmonicon__1832-012.txt_256
#document_date:1832
#sent_text:We heartily concur in every word that has been said on the subject by the able writer in the Spectator, whose remarks we here - e . preservation of this delightful species of composition from present to our readers :
We	O	_
heartily	O	_
concur	O	_
in	O	_
every	O	_
word	O	_
that	O	_
has	O	_
been	O	_
said	O	_
on	O	_
the	O	_
subject	O	_
by	O	_
the	O	_
able	O	_
writer	O	_
in	O	_
the	O	_
Spectator	B-magazine	Q1790750
,	O	_
whose	O	_
remarks	O	_
we	O	_
here	O	_
-	O	_
e	O	_
.	O	_
preservation	O	_
of	O	_
this	O	_
delightful	O	_
species	O	_
of	O	_
composition	O	_
from	O	_
present	O	_
to	O	_
our	O	_
readers	O	_
:	O	_
