#document_id:TheHarmonicon__1832-012.txt_487
#document_date:1832
#sent_text:The number of witnesses examined was forty-five, among whom were Mr. Mash of the Chamberlain’s Office, all the proprietors and managers of the various theatres, major and minor, many authors, and most of the principal actors.
The	O	_
number	O	_
of	O	_
witnesses	O	_
examined	O	_
was	O	_
forty	O	_
-	O	_
five	O	_
,	O	_
among	O	_
whom	O	_
were	O	_
Mr.	B-person	NIL
Mash	I-person	NIL
of	O	_
the	O	_
Chamberlain	O	_
’s	O	_
Office	O	_
,	O	_
all	O	_
the	O	_
proprietors	O	_
and	O	_
managers	O	_
of	O	_
the	O	_
various	O	_
theatres	O	_
,	O	_
major	O	_
and	O	_
minor	O	_
,	O	_
many	O	_
authors	O	_
,	O	_
and	O	_
most	O	_
of	O	_
the	O	_
principal	O	_
actors	O	_
.	O	_
