#document_id:TheHarmonicon__1832-012.txt_1860
#document_date:1832
#sent_text:Among the pieces were Beethoven’s grand symphony in bp, and the overtures to Don Juan and Reissiger’s Felsenmithle, all of which were exquisitely played.
Among	O	_
the	O	_
pieces	O	_
were	O	_
Beethoven	B-person	Q255
’s	O	_
grand	O	_
symphony	O	_
in	O	_
bp	O	_
,	O	_
and	O	_
the	O	_
overtures	O	_
to	O	_
Don	B-opera	Q192039
Juan	I-opera	Q192039
and	O	_
Reissiger	B-person	Q213894
’s	O	_
Felsenmithle	B-music	NIL
,	O	_
all	O	_
of	O	_
which	O	_
were	O	_
exquisitely	O	_
played	O	_
.	O	_
