#document_id:TheHarmonicon__1828-001.txt_52
#document_date:1828
#sent_text:c, by Mr. A. Pettet Remarks on the Manchester Festival, by Mr. G. E. Aubrey Account of the Oxford Commemoration Concerts Particulars of the Cambridge Musical Festival On the Quackery of Musicians.
c	O	_
,	O	_
by	I-publication	NIL
Mr.	B-person	NIL
A.	I-person	NIL
Pettet	I-person	NIL
Remarks	B-publication	NIL
on	I-publication	NIL
the	I-publication	NIL
Manchester	I-publication	NIL
Festival	I-publication	NIL
,	O	_
by	I-publication	NIL
Mr.	B-person	NIL
G.	I-person	NIL
E.	I-person	NIL
Aubrey	I-person	NIL
Account	B-publication	NIL
of	I-publication	NIL
the	I-publication	NIL
Oxford	I-publication	NIL
Commemoration	I-publication	NIL
Concerts	I-publication	NIL
Particulars	B-publication	NIL
of	I-publication	NIL
the	I-publication	NIL
Cambridge	I-publication	NIL
Musical	I-publication	NIL
Festival	I-publication	NIL
On	B-publication	NIL
the	I-publication	NIL
Quackery	I-publication	NIL
of	I-publication	NIL
Musicians	I-publication	NIL
.	O	_
