#document_id:TheHarmonicon__1828-001.txt_1179
#document_date:1828
#sent_text:The work is also graced with several of the elegant songs of Thomas Campbell, and Lord Byron; and this work contains the best songs of the olden time, and of Ramsay, Hamilton; Thomson, Smollett, Skinner, Macneill, Hogg, Cunningham, and many others.
The	O	_
work	O	_
is	O	_
also	O	_
graced	O	_
with	O	_
several	O	_
of	O	_
the	O	_
elegant	O	_
songs	O	_
of	O	_
Thomas	B-person	Q1361189
Campbell	I-person	Q1361189
,	O	_
and	O	_
Lord	B-person	Q5679
Byron	I-person	Q5679
;	O	_
and	O	_
this	O	_
work	O	_
contains	O	_
the	O	_
best	O	_
songs	O	_
of	O	_
the	O	_
olden	O	_
time	O	_
,	O	_
and	O	_
of	O	_
Ramsay	B-person	Q654775
,	O	_
Hamilton	B-person	Q18671568
;	O	_
Thomson	B-person	Q5545192
,	O	_
Smollett	B-person	Q356283
,	O	_
Skinner	B-person	NIL
,	O	_
Macneill	B-person	Q5696799
,	O	_
Hogg	B-person	Q941810
,	O	_
Cunningham	B-person	NIL
,	O	_
and	O	_
many	O	_
others	O	_
.	O	_
