#document_id:TheHarmonicon__1824-016.txt_1702
#document_date:1824
#sent_text:On the same occasion, a quintett and chorus from Jerusalem delivered, an oratorio by M. Eberwein, which is still in MS. was received with much applause.
On	O	_
the	O	_
same	O	_
occasion	O	_
,	O	_
a	O	_
quintett	O	_
and	O	_
chorus	O	_
from	O	_
Jerusalem	B-city	Q1218
delivered	O	_
,	O	_
an	O	_
oratorio	O	_
by	O	_
M.	B-person	Q215521
Eberwein	I-person	Q215521
,	O	_
which	O	_
is	O	_
still	O	_
in	O	_
MS	O	_
.	O	_
was	O	_
received	O	_
with	O	_
much	O	_
applause	O	_
.	O	_
