#document_id:TheHarmonicon__1824-016.txt_1695
#document_date:1824
#sent_text:The only novelty here during the last season, was the opera of Dido, which was given on occasion of the anniversary of the birthday of the crown prince.
The	O	_
only	O	_
novelty	O	_
here	O	_
during	O	_
the	O	_
last	O	_
season	O	_
,	O	_
was	O	_
the	O	_
opera	O	_
of	I-opera	NIL
Dido	I-opera	NIL
,	O	_
which	O	_
was	O	_
given	O	_
on	O	_
occasion	O	_
of	I-opera	NIL
the	O	_
anniversary	O	_
of	I-opera	NIL
the	O	_
birthday	O	_
of	I-opera	NIL
the	O	_
crown	O	_
prince	O	_
.	O	_
