#document_id:DwightSJournalOfMusic__1875-006.txt_394
#document_date:1875
#sent_text:Anton Stradler, the clarinettist, for whom Mozart wrote his admirable quintet, was not ashamed to take unfair advantage of that generosity.
Anton	B-person	Q78623
Stradler	I-person	Q78623
,	O	_
the	O	_
clarinettist	O	_
,	O	_
for	O	_
whom	O	_
Mozart	B-person	Q254
wrote	O	_
his	O	_
admirable	O	_
quintet	O	_
,	O	_
was	O	_
not	O	_
ashamed	O	_
to	O	_
take	O	_
unfair	O	_
advantage	O	_
of	O	_
that	O	_
generosity	O	_
.	O	_
