#document_id:DwightSJournalOfMusic__1873-016.txt_762
#document_date:1873
#sent_text:A native of Parma, ateighteen years of age ‘Jong was received into the Conservatory of Music of that town, where ‘Jong soon made himself.a name as the most promising pupil of the institution.
A	O	_
native	O	_
of	I-school	Q1439627
Parma	B-city	Q2683
,	O	_
ateighteen	O	_
years	O	_
of	I-school	Q1439627
age	O	_
‘	O	_
Jong	B-person	NIL
was	O	_
received	O	_
into	O	_
the	O	_
Conservatory	B-school	Q1439627
of	I-school	Q1439627
Music	I-school	Q1439627
of	I-school	Q1439627
that	O	_
town	O	_
,	O	_
where	O	_
‘	O	_
Jong	B-person	NIL
soon	O	_
made	O	_
himself.a	O	_
name	O	_
as	O	_
the	O	_
most	O	_
promising	O	_
pupil	O	_
of	I-school	Q1439627
the	O	_
institution	O	_
.	O	_
