#document_id:DwightSJournalOfMusic__1873-016.txt_1000
#document_date:1873
#sent_text:The second concert (next Thursday) will open with the Egmont Overture, and the Symphony will be the magnificent No..3,in B flat, by Schumann.
The	O	_
second	O	_
concert	O	_
(	O	_
next	O	_
Thursday	O	_
)	O	_
will	O	_
open	O	_
with	O	_
the	O	_
Egmont	B-music	Q1156413
Overture	I-music	Q1156413
,	O	_
and	O	_
the	O	_
Symphony	O	_
will	O	_
be	O	_
the	O	_
magnificent	O	_
No	B-music	Q223540
..	I-music	Q223540
3,in	O	_
B	O	_
flat	O	_
,	O	_
by	O	_
Schumann	B-person	Q7351
.	O	_
