#document_id:TheMusicalTimes__1876-402.txt_1235
#document_date:1876
#sent_text:H. R. Eyers, Walter Fitton, S. Kemp, Arthur O’Leary, Harold Thomas, Brinley Richards, Frederick Westlake, T. Wingham, and the Principal.
H.	B-person	NIL
R.	I-person	NIL
Eyers	I-person	NIL
,	O	_
Walter	B-person	NIL
Fitton	I-person	NIL
,	O	_
S.	O	_
Kemp	O	_
,	O	_
Arthur	B-person	Q17984779
O’Leary	I-person	Q17984779
,	O	_
Harold	B-person	NIL
Thomas	I-person	NIL
,	O	_
Brinley	B-person	Q4850963
Richards	I-person	Q4850963
,	O	_
Frederick	B-person	Q18546502
Westlake	I-person	Q18546502
,	O	_
T.	B-person	Q7795241
Wingham	I-person	Q7795241
,	O	_
and	O	_
the	O	_
Principal	O	_
.	O	_
