#document_id:TheMusicalTimes__1876-402.txt_1249
#document_date:1876
#sent_text:A very successful Choral Festival, consisting of two Services, was given at St. George’s Chapel, Windsor, on Thursday the 27th ult.
A	O	_
very	O	_
successful	O	_
Choral	O	_
Festival	O	_
,	O	_
consisting	O	_
of	O	_
two	O	_
Services	O	_
,	O	_
was	O	_
given	O	_
at	O	_
St.	B-worship-place	Q2449634
George	I-worship-place	Q2449634
’s	I-worship-place	Q2449634
Chapel	I-worship-place	Q2449634
,	O	_
Windsor	B-city	Q464955
,	O	_
on	O	_
Thursday	O	_
the	O	_
27th	O	_
ult	O	_
.	O	_
