#document_id:TheMusicalTimes__1876-402.txt_1307
#document_date:1876
#sent_text:THE fifty-third monthly Concert of the Grosvenor Choral Society took place on Friday the 21st ult. at the Grosvenor Hall, Buckingham Palace Road.
THE	O	_
fifty	O	_
-	O	_
third	O	_
monthly	O	_
Concert	O	_
of	O	_
the	O	_
Grosvenor	B-building	Q5610643
Choral	I-organization	NIL
Society	I-organization	NIL
took	O	_
place	O	_
on	O	_
Friday	O	_
the	O	_
21st	O	_
ult	O	_
.	O	_
at	O	_
the	O	_
Grosvenor	B-building	Q5610643
Hall	I-building	Q5610643
,	O	_
Buckingham	B-road	Q23891197
Palace	I-road	Q23891197
Road	I-road	Q23891197
.	O	_
