#document_id:TheMusicalTimes__1876-397.txt_3729
#document_date:1876
#sent_text:ty J. L. Peters, 843, Broadway, New York.~- Wednesday, March 2, 1876,
ty	O	_	ty	PROPN
J.	B-person	NIL	J.	PROPN
L.	I-person	NIL	L.	PROPN
Peters	I-person	NIL	Peters	PROPN
,	O	_	,	PUNCT
843	O	_	843	NUM
,	O	_	,	PUNCT
Broadway	B-road	Q11260	Broadway	PROPN
,	O	_	,	PUNCT
New	O	_	New	PROPN
York.	O	_	York.	PROPN
~	O	_	~	PUNCT
-	O	_	-	PUNCT
Wednesday	O	_	Wednesday	PROPN
,	O	_	,	PUNCT
March	O	_	March	PROPN
2	O	_	2	NUM
,	O	_	,	PUNCT
1876	O	_	1876	NUM
,	O	_	,	PUNCT
