#document_id:TheMusicalTimes__1873-366.txt_2224
#document_date:1873
#sent_text:Walter j. kiey, Conductor of the Railway Clearing House Musical Society.——Mr.
Walter	B-person	NIL	Walter	PROPN
j.	I-person	NIL	j.	PROPN
kiey	I-person	NIL	kiey	PROPN
,	O	_	,	PUNCT
Conductor	O	_	Conductor	PROPN
of	O	_	of	ADP
the	O	_	the	DET
Railway	O	_	Railway	PROPN
Clearing	O	_	Clearing	PROPN
House	O	_	House	PROPN
Musical	O	_	Musical	PROPN
Society.	O	_	Society.	PROPN
—	O	_	—	PUNCT
—Mr	O	_	—Mr	PROPN
.	O	_	.	PROPN
