#document_id:TheQuarterlyMusicalMagazineAndReview__1825-025.txt_556
#document_date:1825
#sent_text:Original Instructions for the Violin, illustrated by Precepts and Examples, composed expressly for this Work, by T. Howell.. 507 XVI.
Original	B-publication	NIL	original	ADJ
Instructions	I-publication	NIL	instruction	NOUN
for	I-publication	NIL	for	ADP
the	I-publication	NIL	the	DET
Violin	I-publication	NIL	Violin	PROPN
,	I-publication	NIL	,	PUNCT
illustrated	I-publication	NIL	illustrate	VERB
by	I-publication	NIL	by	ADP
Precepts	I-publication	NIL	Precepts	PROPN
and	I-publication	NIL	and	CCONJ
Examples	I-publication	NIL	example	NOUN
,	O	_	,	PUNCT
composed	O	_	compose	VERB
expressly	O	_	expressly	ADV
for	O	_	for	ADP
this	O	_	this	DET
Work	O	_	work	NOUN
,	O	_	,	PUNCT
by	O	_	by	ADP
T.	O	_	T.	PROPN
Howell	O	_	Howell	PROPN
..	O	_	..	PUNCT
507	O	_	507	NUM
XVI	O	_	xvi	NUM
.	O	_	.	PUNCT
