#document_id:TheQuarterlyMusicalMagazineAndReview__1824-022.txt_1854
#document_date:1824
#sent_text:It does aiso appear to us that Italian manner has undergone a considerable change within the last twenty years.
It	O	_	it	PRON
does	O	_	do	AUX
aiso	O	_	aiso	X
appear	O	_	appear	VERB
to	O	_	to	ADP
us	O	_	we	PRON
that	O	_	that	SCONJ
Italian	O	_	italian	ADJ
manner	O	_	manner	NOUN
has	O	_	have	AUX
undergone	O	_	undergo	VERB
a	O	_	a	DET
considerable	O	_	considerable	ADJ
change	O	_	change	NOUN
within	O	_	within	ADP
the	O	_	the	DET
last	O	_	last	ADJ
twenty	O	_	twenty	NUM
years	O	_	year	NOUN
.	O	_	.	PUNCT
