#document_id:TheMusicalTimes__1875-388.txt_1671
#document_date:1875
#sent_text:The artists engaged were the Misses Agnes Drummond, Josephine Pulham, Marian Haigh, Florence Wydford, and Messrs. Henry Guy, Theodore Distin, E. Stone, and Thurley Beale.
The	O	_
artists	O	_
engaged	O	_
were	O	_
the	O	_
Misses	O	_
Agnes	B-person	NIL
Drummond	I-person	NIL
,	O	_
Josephine	B-person	NIL
Pulham	I-person	NIL
,	O	_
Marian	B-person	NIL
Haigh	I-person	NIL
,	O	_
Florence	B-person	NIL
Wydford	I-person	NIL
,	O	_
and	O	_
Messrs.	O	_
Henry	B-person	NIL
Guy	I-person	NIL
,	O	_
Theodore	B-person	Q76098551
Distin	I-person	Q76098551
,	O	_
E.	B-person	NIL
Stone	I-person	NIL
,	O	_
and	O	_
Thurley	B-person	NIL
Beale	I-person	NIL
.	O	_
