#document_id:TheMusicalTimes__1875-388.txt_2060
#document_date:1875
#sent_text:a concert was given at Brooke House by the choir of that establishment, assisted by members of the choir of St. Matthew’s Church, under the direction of Mr. Batchelor, the singing master at Brooke House.
a	O	_
concert	O	_
was	O	_
given	O	_
at	O	_
Brooke	B-nan	NIL
House	I-nan	NIL
by	O	_
the	O	_
choir	O	_
of	O	_
that	O	_
establishment	O	_
,	O	_
assisted	O	_
by	O	_
members	O	_
of	O	_
the	O	_
choir	O	_
of	O	_
St.	B-nan	NIL
Matthew	I-nan	NIL
’s	I-nan	NIL
Church	I-nan	NIL
,	O	_
under	O	_
the	O	_
direction	O	_
of	O	_
Mr.	B-person	NIL
Batchelor	I-person	NIL
,	O	_
the	O	_
singing	O	_
master	O	_
at	O	_
Brooke	B-nan	NIL
House	I-nan	NIL
.	O	_
