#document_id:TheMusicalTimes__1875-388.txt_2160
#document_date:1875
#sent_text:Liverroot.—A complimentary concert was given by the members of the Societa Armonica on the 5th ult. to their conductor, Mr. Armstrong, and leader, Mr. Lawson.
Liverroot.—A	O	_
complimentary	O	_
concert	O	_
was	O	_
given	O	_
by	O	_
the	O	_
members	O	_
of	O	_
the	O	_
Societa	O	_
Armonica	O	_
on	O	_
the	O	_
5th	O	_
ult	O	_
.	O	_
to	O	_
their	O	_
conductor	O	_
,	O	_
Mr.	O	_
Armstrong	O	_
,	O	_
and	O	_
leader	O	_
,	O	_
Mr.	B-person	NIL
Lawson	I-person	NIL
.	O	_
