#document_id:TheMusicalTimes__1875-388.txt_2822
#document_date:1875
#sent_text:, Professor of Harmony at the Royal Academy of Music, and Organist to the Honourable Society of Lincoln’s-Inn.
,	O	_
Professor	O	_
of	O	_
Harmony	O	_
at	O	_
the	B-school	Q1144673
Royal	I-school	Q1144673
Academy	I-school	Q1144673
of	I-school	Q1144673
Music	I-school	Q1144673
,	O	_
and	O	_
Organist	O	_
to	O	_
the	O	_
Honourable	B-organization	Q69482
Society	I-organization	Q69482
of	I-organization	Q69482
Lincoln’s	I-organization	Q69482
-	I-organization	Q69482
Inn	I-organization	Q69482
.	I-organization	Q69482
