#document_id:TheMusicalTimes__1875-388.txt_2734
#document_date:1875
#sent_text:, Mrs. Mounsey Bartholomew, J. Barnby, H. Smart, G. A. Macfarren, Brinley Richards, H. S. Irons, Charles Salaman, Alberto Randegger, ].
,	O	_
Mrs.	B-person	Q4766585
Mounsey	I-person	Q4766585
Bartholomew	I-person	Q4766585
,	O	_
J.	O	_
Barnby	O	_
,	O	_
H.	B-person	Q18821785
Smart	I-person	Q18821785
,	O	_
G.	B-person	Q1374708
A.	I-person	Q1374708
Macfarren	I-person	Q1374708
,	O	_
Brinley	O	_
Richards	O	_
,	O	_
H.	O	_
S.	O	_
Irons	O	_
,	O	_
Charles	B-person	Q2959519
Salaman	I-person	Q2959519
,	O	_
Alberto	B-person	Q4712167
Randegger	I-person	Q4712167
,	O	_
]	O	_
.	O	_
