#document_id:TheMusicalTimes__1875-388.txt_2957
#document_date:1875
#sent_text:Various portions of this Opera are now printed for the first time in England, making this the only English Pianoforte Score which agrees with the Composer's Original Score.
Various	O	_
portions	O	_
of	O	_
this	O	_
Opera	O	_
are	O	_
now	O	_
printed	O	_
for	O	_
the	O	_
first	O	_
time	O	_
in	O	_
England	B-country	Q21
,	O	_
making	O	_
this	O	_
the	O	_
only	O	_
English	O	_
Pianoforte	O	_
Score	O	_
which	O	_
agrees	O	_
with	O	_
the	O	_
Composer	O	_
's	O	_
Original	O	_
Score	O	_
.	O	_
