#document_id:TheMusicalTimes__1876-397.txt_1780
#document_date:1876
#sent_text:AT a meeting of the supporters of the National Training School of Music, held at the Mansion House on the 23rd ult.
AT	O	_
a	O	_
meeting	O	_
of	O	_
the	O	_
supporters	O	_
of	O	_
the	O	_
National	B-school	Q55082727
Training	I-school	Q55082727
School	I-school	Q55082727
of	I-school	Q55082727
Music	I-school	Q55082727
,	O	_
held	O	_
at	O	_
the	O	_
Mansion	B-building	Q1786933
House	I-building	Q1786933
on	O	_
the	O	_
23rd	O	_
ult	O	_
.	O	_
