#document_id:TheMusicalTimes__1876-397.txt_1887
#document_date:1876
#sent_text:Owing to the nature of the subject, the Passion is composed (excepting the ‘‘ Earthquake” chorus at the end) entirely of slow movements.
Owing	O	_
to	O	_
the	O	_
nature	O	_
of	O	_
the	O	_
subject	O	_
,	O	_
the	B-music	Q237382
Passion	I-music	Q237382
is	O	_
composed	O	_
(	O	_
excepting	O	_
the	O	_
‘	O	_
‘	O	_
Earthquake	O	_
”	O	_
chorus	O	_
at	O	_
the	O	_
end	O	_
)	O	_
entirely	O	_
of	O	_
slow	O	_
movements	O	_
.	O	_
