#document_id:TheMusicalTimes__1876-397.txt_2333
#document_date:1876
#sent_text:The soio vocalists were Mrs. Bridge, Miss Pocklington, Miss E. Taylor, Mrs. Littlehales, the Rev. G. C. Robinson, and Mr. Fieid, all of whom were highly successful.
The	O	_
soio	O	_
vocalists	O	_
were	O	_
Mrs.	B-person	NIL
Bridge	I-person	NIL
,	O	_
Miss	B-person	NIL
Pocklington	I-person	NIL
,	O	_
Miss	B-person	NIL
E.	I-person	NIL
Taylor	I-person	NIL
,	O	_
Mrs.	B-person	NIL
Littlehales	I-person	NIL
,	O	_
the	O	_
Rev.	B-person	NIL
G.	I-person	NIL
C.	I-person	NIL
Robinson	I-person	NIL
,	O	_
and	O	_
Mr.	B-person	NIL
Fieid	I-person	NIL
,	O	_
all	O	_
of	O	_
whom	O	_
were	O	_
highly	O	_
successful	O	_
.	O	_
