#document_id:TheMusicalTimes__1876-397.txt_3506
#document_date:1876
#sent_text:2 viclins, viola, cello, basso, 2 piccolos, 2 oboes, 2 clarinets, 2 bassoons, 2 horns, 3 trombones, 2 ophicleides, tympani, cymbals, 2trumpets, big drum.
2	O	_
viclins	O	_
,	O	_
viola	O	_
,	O	_
cello	O	_
,	O	_
basso	O	_
,	O	_
2	O	_
piccolos	O	_
,	O	_
2	O	_
oboes	O	_
,	O	_
2	O	_
clarinets	O	_
,	O	_
2	O	_
bassoons	O	_
,	O	_
2	O	_
horns	O	_
,	O	_
3	O	_
trombones	O	_
,	O	_
2	O	_
ophicleides	O	_
,	O	_
tympani	O	_
,	O	_
cymbals	O	_
,	O	_
2trumpets	O	_
,	O	_
big	O	_
drum	O	_
.	O	_
