#document_id:TheMusicalTimes__1873-366.txt_2149
#document_date:1873
#sent_text:Cantate Domino and Deus Misereatur have been sung at each gathering in such a manner as to prove that the best music is that which most.
Cantate	B-music	Q1326476
Domino	I-music	Q1326476
and	O	_
Deus	B-music	Q1689664
Misereatur	I-music	Q1689664
have	O	_
been	O	_
sung	O	_
at	O	_
each	O	_
gathering	O	_
in	O	_
such	O	_
a	O	_
manner	O	_
as	O	_
to	O	_
prove	O	_
that	O	_
the	O	_
best	O	_
music	O	_
is	O	_
that	O	_
which	O	_
most	O	_
.	O	_
