#document_id:TheMusicalWorld__1843-029.txt_89
#document_date:1843
#sent_text:We have an irresistible proof of the effects produced by these in the following passage, extracted from (Almanach général de tous les spectacles, for the year 1791, (page 61).
We	O	_
have	O	_
an	O	_
irresistible	O	_
proof	O	_
of	O	_
the	O	_
effects	O	_
produced	O	_
by	O	_
these	O	_
in	O	_
the	O	_
following	O	_
passage	O	_
,	O	_
extracted	O	_
from	O	_
(	O	_
Almanach	B-publication	Q3235618
général	I-publication	Q3235618
de	I-publication	Q3235618
tous	I-publication	Q3235618
les	I-publication	Q3235618
spectacles	I-publication	Q3235618
,	O	_
for	O	_
the	O	_
year	O	_
1791	O	_
,	O	_
(	O	_
page	O	_
61	O	_
)	O	_
.	O	_
