#document_id:TheMusicalWorld__1843-029.txt_560
#document_date:1843
#sent_text:Topheavy, Mrs. H. P. Grattan; Fanny Mavlove, Miss Emma_ Stanley: Downy, Miss Noel.
Topheavy	B-person	NIL
,	O	_
Mrs.	B-person	Q52154735
H.	I-person	Q52154735
P.	I-person	Q52154735
Grattan	I-person	Q52154735
;	O	_
Fanny	B-person	NIL
Mavlove	I-person	NIL
,	O	_
Miss	B-person	Q75252307
Emma	I-person	Q75252307
_	I-person	Q75252307
Stanley	I-person	Q75252307
:	O	_
Downy	B-person	NIL
,	O	_
Miss	B-person	NIL
Noel	I-person	NIL
.	O	_
