#document_id:TheMusicalWorld__1843-038.txt_630
#document_date:1843
#sent_text:Miss Bassano studied three years in the Royal Academy of Music, where Miss Bassano ranks high in the estimation both of masters and students.
Miss	B-person	Q1872112
Bassano	I-person	Q1872112
studied	O	_
three	O	_
years	O	_
in	O	_
the	O	_
Royal	B-organization	Q1144673
Academy	I-organization	Q1144673
of	I-organization	Q1144673
Music	I-organization	Q1144673
,	O	_
where	O	_
Miss	B-person	Q1872112
Bassano	I-person	Q1872112
ranks	O	_
high	O	_
in	O	_
the	O	_
estimation	O	_
both	O	_
of	O	_
masters	O	_
and	O	_
students	O	_
.	O	_
