#document_id:TheMusicalWorld__1843-036.txt_391
#document_date:1843
#sent_text:Nor let us omit the performance of Grisias the Lady Norina in Pasquale, which was one of the most admirable specimens of comic talent ever seen on any stage.
Nor	O	_
let	O	_
us	O	_
omit	O	_
the	O	_
performance	O	_
of	O	_
Grisias	B-persona	Q287344
the	O	_
Lady	O	_
Norina	O	_
in	O	_
Pasquale	B-work-of-art	Q723941
,	O	_
which	O	_
was	O	_
one	O	_
of	O	_
the	O	_
most	O	_
admirable	O	_
specimens	O	_
of	O	_
comic	O	_
talent	O	_
ever	O	_
seen	O	_
on	O	_
any	O	_
stage	O	_
.	O	_
