#document_id:TheMusicalWorld__1843-036.txt_609
#document_date:1843
#sent_text:A new organ of 13 stops has recently been built for Charleston Presbyterian Church, so that the use of this noble instrument appears to be spreading among our transatlantic brethren.
A	O	_
new	O	_
organ	O	_
of	O	_
13	O	_
stops	O	_
has	O	_
recently	O	_
been	O	_
built	O	_
for	O	_
Charleston	B-worship-place	NIL
Presbyterian	I-worship-place	NIL
Church	I-worship-place	NIL
,	O	_
so	O	_
that	O	_
the	O	_
use	O	_
of	O	_
this	O	_
noble	O	_
instrument	O	_
appears	O	_
to	O	_
be	O	_
spreading	O	_
among	O	_
our	O	_
transatlantic	O	_
brethren	O	_
.	O	_
