#document_id:DwightSJournalOfMusic__1875-006.txt_1216
#document_date:1875
#sent_text:There were aymptoms of weariness, to be sute, in some of the high tenors in the last piece, that noble double chorus from Mendelssohn's ‘“ Oedipus,’ and
There	O	_
were	O	_
aymptoms	O	_
of	O	_
weariness	O	_
,	O	_
to	O	_
be	O	_
sute	O	_
,	O	_
in	O	_
some	O	_
of	O	_
the	O	_
high	O	_
tenors	O	_
in	O	_
the	O	_
last	O	_
piece	O	_
,	O	_
that	O	_
noble	O	_
double	O	_
chorus	O	_
from	O	_
Mendelssohn	B-person	Q46096
's	O	_
‘	O	_
“	O	_
Oedipus	B-music	NIL
,	O	_
’	O	_
and	O	_
