#document_id:DwightSJournalOfMusic__1873-016.txt_747
#document_date:1873
#sent_text:It will be remembered that at the taking of Capua, shortly before the victory of the Garibaldian troops, some sharp fighting took place outside the fortress.
It	O	_
will	O	_
be	O	_
remembered	O	_
that	O	_
at	O	_
the	O	_
taking	O	_
of	O	_
Capua	B-city	Q58477
,	O	_
shortly	O	_
before	O	_
the	O	_
victory	O	_
of	O	_
the	O	_
Garibaldian	O	_
troops	O	_
,	O	_
some	O	_
sharp	O	_
fighting	O	_
took	O	_
place	O	_
outside	O	_
the	O	_
fortress	O	_
.	O	_
