#document_id:TheMusicalTimes__1875-388.txt_550
#document_date:1875
#sent_text:Stanley Lucas, Weber and Co., 8&4, New Bond-street; Novello, Ewer and Co., 1, Bernera-street, W.
Stanley	O	_
Lucas	O	_
,	O	_
Weber	O	_
and	O	_
Co.	O	_
,	O	_
8&4	O	_
,	O	_
New	B-road	Q892187
Bond	I-road	Q892187
-	I-road	Q892187
street	I-road	Q892187
;	O	_
Novello	B-company	Q15919379
,	I-company	Q15919379
Ewer	I-company	Q15919379
and	I-company	Q15919379
Co.	I-company	Q15919379
,	O	_
1	O	_
,	O	_
Bernera	B-road	Q14997139
-	I-road	Q14997139
street	I-road	Q14997139
,	O	_
W.	O	_
