#document_id:TheMusicalTimes__1875-388.txt_1005
#document_date:1875
#sent_text:The vocalists thus honoured—Miss Edith Wynne, Madame Patey, Mr. Lloyd and Mr. Santley—have every reason to. congratulate themselves upon this.
The	O	_
vocalists	O	_
thus	O	_
honoured	O	_
—	O	_
Miss	B-person	Q7422270
Edith	I-person	Q7422270
Wynne	I-person	Q7422270
,	O	_
Madame	B-person	Q6153509
Patey	I-person	Q6153509
,	O	_
Mr.	B-person	Q5344187
Lloyd	I-person	Q5344187
and	O	_
Mr.	B-person	Q521746
Santley	I-person	Q521746
—	O	_
have	O	_
every	O	_
reason	O	_
to	O	_
.	O	_
congratulate	O	_
themselves	O	_
upon	O	_
this	O	_
.	O	_
