#document_id:TheMusicalTimes__1875-388.txt_1200
#document_date:1875
#sent_text:Symphony in E flat (a very ‘clever composition) has already been heard at the Crystal Palace, where its merits were thoroughly appreciated.
Symphony	O	_
in	O	_
E	O	_
flat	O	_
(	O	_
a	O	_
very	O	_
‘	O	_
clever	O	_
composition	O	_
)	O	_
has	O	_
already	O	_
been	O	_
heard	O	_
at	O	_
the	O	_
Crystal	B-building	Q202902
Palace	I-building	Q202902
,	O	_
where	O	_
its	O	_
merits	O	_
were	O	_
thoroughly	O	_
appreciated	O	_
.	O	_
