#document_id:TheMusicalTimes__1876-397.txt_1344
#document_date:1876
#sent_text:WE are glad to find that, at the meeting in connection with the National Training School for Music, held at the Mansion House on the 23rd ult.
WE	O	_
are	O	_
glad	O	_
to	O	_
find	O	_
that	O	_
,	O	_
at	O	_
the	O	_
meeting	O	_
in	O	_
connection	O	_
with	O	_
the	O	_
National	B-school	Q55082727
Training	I-school	Q55082727
School	I-school	Q55082727
for	I-school	Q55082727
Music	I-school	Q55082727
,	O	_
held	O	_
at	O	_
the	O	_
Mansion	B-building	Q1786933
House	I-building	Q1786933
on	O	_
the	O	_
23rd	O	_
ult	O	_
.	O	_
