#document_id:TheMusicalTimes__1876-397.txt_2261
#document_date:1876
#sent_text:Dr. Barry, in acknowledging the gift, said that Dr. Barry regarded it as an expression of unity and co-operation between the members of the choir and himself, and thanked the Society for so kind a mark of appreciation of his services.
Dr.	B-person	NIL
Barry	I-person	NIL
,	O	_
in	O	_
acknowledging	O	_
the	O	_
gift	O	_
,	O	_
said	O	_
that	O	_
Dr.	B-person	NIL
Barry	I-person	NIL
regarded	O	_
it	O	_
as	O	_
an	O	_
expression	O	_
of	O	_
unity	O	_
and	O	_
co	O	_
-	O	_
operation	O	_
between	O	_
the	O	_
members	O	_
of	O	_
the	O	_
choir	O	_
and	O	_
himself	O	_
,	O	_
and	O	_
thanked	O	_
the	O	_
Society	O	_
for	O	_
so	O	_
kind	O	_
a	O	_
mark	O	_
of	O	_
appreciation	O	_
of	O	_
his	O	_
services	O	_
.	O	_
