#document_id:TheMusicalTimes__1876-397.txt_2317
#document_date:1876
#sent_text:Norwicu.—The first Concert this season of the Norfolk and Norwich Musical Union was given in St. Andrew's Hall,on Thursday evening, the 17th ult.
Norwicu.—The	O	_
first	O	_
Concert	O	_
this	O	_
season	O	_
of	O	_
the	O	_
Norfolk	B-festival	Q11991993
and	I-festival	Q11991993
Norwich	B-city	Q130191
Musical	I-festival	Q11991993
Union	I-festival	Q11991993
was	O	_
given	O	_
in	O	_
St.	B-building	Q7586881
Andrew	I-building	Q7586881
's	I-building	Q7586881
Hall	I-building	Q7586881
,	O	_
on	O	_
Thursday	O	_
evening	O	_
,	O	_
the	O	_
17th	O	_
ult	O	_
.	O	_
