#document_id:TheMusicalTimes__1876-397.txt_2296
#document_date:1876
#sent_text:: NgwcastLe-on-TyNE.—A most successful performance of the Antigone of Sophocles, with Mendelssohn's music, took place at the Theatre Royal, on the 21st ult.
:	O	_
NgwcastLe	O	_
-	O	_
on	O	_
-	O	_
TyNE.—A	O	_
most	O	_
successful	O	_
performance	O	_
of	O	_
the	O	_
Antigone	B-work-of-art	Q241077
of	I-work-of-art	Q241077
Sophocles	I-work-of-art	Q241077
,	O	_
with	O	_
Mendelssohn	B-person	Q46096
's	O	_
music	O	_
,	O	_
took	O	_
place	O	_
at	O	_
the	O	_
Theatre	B-building	Q7777436
Royal	I-building	Q7777436
,	O	_
on	O	_
the	O	_
21st	O	_
ult	O	_
.	O	_
