#document_id:TheMusicalTimes__1873-366.txt_58
#document_date:1873
#sent_text:(Of the Royal Albert Hall Concerts), for Oratorios, Concerts, &c. Address 2, Hallfield-place, Bradford, Yorks.
(	O	_
Of	O	_
the	O	_
Royal	B-building	Q193639
Albert	I-building	Q193639
Hall	I-building	Q193639
Concerts	O	_
)	O	_
,	O	_
for	O	_
Oratorios	O	_
,	O	_
Concerts	O	_
,	O	_
&	O	_
c.	O	_
Address	O	_
2	O	_
,	O	_
Hallfield	B-road	NIL
-	I-road	NIL
place	I-road	NIL
,	O	_
Bradford	B-city	Q22905
,	O	_
Yorks	B-county	Q163
.	O	_
