#document_id:TheMusicalTimes__1873-366.txt_169
#document_date:1873
#sent_text:We will'now give an account of the 3 process adopted by Messrs. James Epps and Co., manufacturers of , dietetic articles, at their works in the Euston-road,
We	O	_
will'now	O	_
give	O	_
an	O	_
account	O	_
of	O	_
the	O	_
3	O	_
process	O	_
adopted	O	_
by	O	_
Messrs.	O	_
James	B-company	NIL
Epps	I-company	NIL
and	I-company	NIL
Co.	I-company	NIL
,	O	_
manufacturers	O	_
of	O	_
,	O	_
dietetic	O	_
articles	O	_
,	O	_
at	O	_
their	O	_
works	O	_
in	O	_
the	O	_
Euston	B-road	Q3308692
-	I-road	Q3308692
road	I-road	Q3308692
,	O	_
