#document_id:TheMusicalWorld__1843-038.txt_67
#document_date:1843
#sent_text:The vocalists were the Misses C. Novello, Rainforth, and Mrs. Alfred Shaw; Messrs. Braham, Phillips, Bennett, Walton, and J. Isherwood.
The	O	_
vocalists	O	_
were	O	_
the	O	_
Misses	B-person	Q4322567
C.	I-person	Q4322567
Novello	I-person	Q4322567
,	O	_
Rainforth	B-person	Q17355767
,	O	_
and	O	_
Mrs.	O	_
Alfred	O	_
Shaw	O	_
;	O	_
Messrs.	B-person	NIL
Braham	I-person	NIL
,	O	_
Phillips	B-person	NIL
,	O	_
Bennett	B-person	Q201164
,	O	_
Walton	B-person	NIL
,	O	_
and	O	_
J.	B-person	NIL
Isherwood	I-person	NIL
.	O	_
