#document_id:TheMusicalWorld__1843-038.txt_136
#document_date:1843
#sent_text:One of the principal pieces in Hippolyte et Arcie, is the trio of the Fates, one of the most beautiful compositions of Rameau.
One	O	_
of	O	_
the	O	_
principal	O	_
pieces	O	_
in	O	_
Hippolyte	B-work-of-art	Q1376211
et	I-work-of-art	Q1376211
Arcie	I-work-of-art	Q1376211
,	O	_
is	O	_
the	O	_
trio	B-music	NIL
of	I-music	NIL
the	I-music	NIL
Fates	I-music	NIL
,	O	_
one	O	_
of	O	_
the	O	_
most	O	_
beautiful	O	_
compositions	O	_
of	O	_
Rameau	B-person	Q1145
.	O	_
