#document_id:TheMusicalWorld__1843-038.txt_419
#document_date:1843
#sent_text:Mrs. Shaw sang the next piece, No. 17, with more grace and power of vocalization than Mrs. Alfred Shaw had displayed during her visit.
Mrs.	B-person	Q3291051
Shaw	I-person	Q3291051
sang	O	_
the	O	_
next	O	_
piece	O	_
,	O	_
No	B-music	NIL
.	I-music	NIL
17	I-music	NIL
,	O	_
with	O	_
more	O	_
grace	O	_
and	O	_
power	O	_
of	O	_
vocalization	O	_
than	O	_
Mrs.	O	_
Alfred	O	_
Shaw	O	_
had	O	_
displayed	O	_
during	O	_
her	O	_
visit	O	_
.	O	_
