#document_id:TheMusicalWorld__1843-036.txt_550
#document_date:1843
#sent_text:Charles James Ashley, was a very excellent performer on the violoncello, as were his brothers, John, General, and Richard on the organ, violin and viola.
Charles	O	_
James	O	_
Ashley	O	_
,	O	_
was	O	_
a	O	_
very	O	_
excellent	O	_
performer	O	_
on	O	_
the	O	_
violoncello	O	_
,	O	_
as	O	_
were	O	_
his	O	_
brothers	O	_
,	O	_
John	B-person	Q15433387
,	O	_
General	B-person	Q5075216
,	O	_
and	O	_
Richard	O	_
on	O	_
the	O	_
organ	O	_
,	O	_
violin	O	_
and	O	_
viola	O	_
.	O	_
