#document_id:TheMusicalWorld__1843-036.txt_919
#document_date:1843
#sent_text:,) Classical Jractice, Selected from the most Celebrated Composers, Nos. 1 to 8 Edited by W.S. Bennett.
,	O	_
)	O	_
Classical	B-publication	NIL
Jractice	I-publication	NIL
,	I-publication	NIL
Selected	I-publication	NIL
from	I-publication	NIL
the	I-publication	NIL
most	I-publication	NIL
Celebrated	I-publication	NIL
Composers	I-publication	NIL
,	I-publication	NIL
Nos	I-publication	NIL
.	I-publication	NIL
1	I-publication	NIL
to	I-publication	NIL
8	I-publication	NIL
Edited	O	_
by	O	_
W.S.	B-person	Q201164
Bennett	I-person	Q201164
.	I-person	Q201164
