#document_id:TheMusicalWorld__1844-006.txt_48
#document_date:1844
#sent_text:We cannot speak too highly of the manner in which this magnificent burst of grandeur was rendered, by Mr. Sterndale Bennett and his able assistants,
We	O	_
can	O	_
not	O	_
speak	O	_
too	O	_
highly	O	_
of	O	_
the	O	_
manner	O	_
in	O	_
which	O	_
this	O	_
magnificent	O	_
burst	O	_
of	O	_
grandeur	O	_
was	O	_
rendered	O	_
,	O	_
by	O	_
Mr.	B-person	Q201164
Sterndale	I-person	Q201164
Bennett	I-person	Q201164
and	O	_
his	O	_
able	O	_
assistants	O	_
,	O	_
