#document_id:DwightSJournalOfMusic__1875-006.txt_919
#document_date:1875
#sent_text:Now let our readers take the finale of any opera by Mozart, of the Fidelio by Beethoven, and compare it side by side with the finale by Wagner.
Now	O	_
let	O	_
our	O	_
readers	O	_
take	O	_
the	O	_
finale	O	_
of	O	_
any	O	_
opera	O	_
by	O	_
Mozart	B-person	Q254
,	O	_
of	O	_
the	O	_
Fidelio	B-opera	Q193778
by	O	_
Beethoven	B-person	Q255
,	O	_
and	O	_
compare	O	_
it	O	_
side	O	_
by	O	_
side	O	_
with	O	_
the	O	_
finale	O	_
by	O	_
Wagner	B-person	Q1511
.	O	_
