#document_id:DwightSJournalOfMusic__1868-012.txt_326
#document_date:1868
#sent_text:Mr. H. F. Chorley, “who in spite ‘of his prejudices and his predilections stands forth a shrewd, broad-seeing, and thoroughly honest critic.
Mr.	B-person	Q5719397
H.	I-person	Q5719397
F.	I-person	Q5719397
Chorley	I-person	Q5719397
,	O	_
“	O	_
who	O	_
in	O	_
spite	O	_
‘	O	_
of	O	_
his	O	_
prejudices	O	_
and	O	_
his	O	_
predilections	O	_
stands	O	_
forth	O	_
a	O	_
shrewd	O	_
,	O	_
broad	O	_
-	O	_
seeing	O	_
,	O	_
and	O	_
thoroughly	O	_
honest	O	_
critic	O	_
.	O	_
