#document_id:DwightSJournalOfMusic__1873-016.txt_390
#document_date:1873
#sent_text:Franz Liszt played this piece once with such mighty power and passion, such eloquence and truth, as I never heard before, probably never shall hear again.
Franz	B-person	Q41309
Liszt	I-person	Q41309
played	O	_
this	O	_
piece	O	_
once	O	_
with	O	_
such	O	_
mighty	O	_
power	O	_
and	O	_
passion	O	_
,	O	_
such	O	_
eloquence	O	_
and	O	_
truth	O	_
,	O	_
as	O	_
I	O	_
never	O	_
heard	O	_
before	O	_
,	O	_
probably	O	_
never	O	_
shall	O	_
hear	O	_
again	O	_
.	O	_
