#document_id:TheMusicalTimes__1876-402.txt_61
#document_date:1876
#sent_text:-Apply at St. Mary-at-Hill Church, Eastcheap, City, on ‘Tharsday evenings, at 6.30.
-Apply	O	_
at	O	_
St.	B-worship-place	Q7594548
Mary	I-worship-place	Q7594548
-	I-worship-place	Q7594548
at	I-worship-place	Q7594548
-	I-worship-place	Q7594548
Hill	I-worship-place	Q7594548
Church	I-worship-place	Q7594548
,	O	_
Eastcheap	B-road	Q1790942
,	O	_
City	O	_
,	O	_
on	O	_
‘	O	_
Tharsday	O	_
evenings	O	_
,	O	_
at	O	_
6.30	O	_
.	O	_
