#document_id:TheMusicalTimes__1876-402.txt_437
#document_date:1876
#sent_text:Miss Annie Sinclair, Miss Sophie Ferrari, Miss Matilda Scott, Miss Jessie Royd, Madame Poole, Miss Dones, Miss Gill, Mdme.
Miss	B-person	NIL
Annie	I-person	NIL
Sinclair	I-person	NIL
,	O	_
Miss	B-person	NIL
Sophie	I-person	NIL
Ferrari	I-person	NIL
,	O	_
Miss	B-person	NIL
Matilda	I-person	NIL
Scott	I-person	NIL
,	O	_
Miss	B-person	NIL
Jessie	I-person	NIL
Royd	I-person	NIL
,	O	_
Madame	B-person	NIL
Poole	I-person	NIL
,	O	_
Miss	O	_
Dones	O	_
,	O	_
Miss	B-person	NIL
Gill	I-person	NIL
,	O	_
Mdme	O	_
.	O	_
