#document_id:TheMusicalTimes__1876-402.txt_2038
#document_date:1876
#sent_text:“ Lives of the Professors of Gresham College” is a list of musical works in manuscript of Dr. J. Bull, in possession of Dr. Pepusch
“	O	_
Lives	B-book	NIL
of	I-book	NIL
the	I-book	NIL
Professors	I-book	NIL
of	I-book	NIL
Gresham	I-book	NIL
College	I-book	NIL
”	O	_
is	O	_
a	O	_
list	O	_
of	O	_
musical	O	_
works	O	_
in	O	_
manuscript	O	_
of	O	_
Dr.	B-person	Q511463
J.	I-person	Q511463
Bull	I-person	Q511463
,	O	_
in	O	_
possession	O	_
of	O	_
Dr.	B-person	Q371825
Pepusch	I-person	Q371825
